brd_id,section,sentence,citation_count,source_type,cited_snippet_ids,annotator1_verdict,annotator1_notes,snippet_1,snippet_2,snippet_3
7pr9rpwHRmu27bdWS1VE,functionalReqs,FR-001: The system shall provide the last change of hands date for Chelsea Villa.,1,email,['mpcTSsBVpL2E1qZZAM8H'],SUPPORTS,Auto-annotated with 1 source(s) from Firestore,"com>
To: ""Phillip Allen"" <pallen@enron. com>
cc: ""Larry Lewter"" <retwell@mail. sanmar

Subject: Re: Chelsea Villas
Jeff,

 I received the rent roll.   I am going to be in San Marcos this weekend but I 
am booked with stage coach.   I will drive by Friday evening. 
 I will let you know next week if I need to see the inside.   Can you find out 
when Chelsea Villa last changed hands and for what price? 

 What about get

Subject: Westgate Proforma-Phillip Allen. xls
---------------------- Forwarded by Phillip K Allen/HOU/ECT on 09/08/2000 
12:28 PM ---------------------------


""George Richards"" <cbpres@austin. rr. com> on 09/08/2000 05:21:49 AM
Please respond to <cbpres@austin. rr. com>
To: ""Phillip Allen"" <pallen@enron. com>
cc: ""Larry Lewter"" <retwell@mail.",,
7pr9rpwHRmu27bdWS1VE,functionalReqs,FR-002: The system shall provide the last change of hands price for Chelsea Villa.,1,email,['mpcTSsBVpL2E1qZZAM8H'],SUPPORTS,Auto-annotated with 1 source(s) from Firestore,"com>
To: ""Phillip Allen"" <pallen@enron. com>
cc: ""Larry Lewter"" <retwell@mail. sanmar

Subject: Re: Chelsea Villas
Jeff,

 I received the rent roll.   I am going to be in San Marcos this weekend but I 
am booked with stage coach.   I will drive by Friday evening. 
 I will let you know next week if I need to see the inside.   Can you find out 
when Chelsea Villa last changed hands and for what price? 

 What about get

Subject: Westgate Proforma-Phillip Allen. xls
---------------------- Forwarded by Phillip K Allen/HOU/ECT on 09/08/2000 
12:28 PM ---------------------------


""George Richards"" <cbpres@austin. rr. com> on 09/08/2000 05:21:49 AM
Please respond to <cbpres@austin. rr. com>
To: ""Phillip Allen"" <pallen@enron. com>
cc: ""Larry Lewter"" <retwell@mail.",,
7pr9rpwHRmu27bdWS1VE,functionalReqs,FR-003: The system shall provide a rent roll.,1,email,['nEJ26kQVIAx0uuXrcNgw'],SUPPORTS,Auto-annotated with 1 source(s) from Firestore,"One point that is unclear is they claim that the $15

Subject: 
Lucy,

Here is the rentroll. 

My only questions are about #18, #25, and #37 missed rent.   Any special 
reasons? 

It looks like there are five vacancies #2,12,20a,35,40.   If you want to run 
an ad in the paper with a $50 discount that is fine. 
I will write you a letter of recommendation.   When do you

Subject: Re: Confidential Employee Information/Lenhart
I also need to know the base salaries of Jay Reitmeyer and Monique Sanchez.   
They are doing the same job as Matt. 

Subject: Behind the Stage Two
---------------------- Forwarded by Phillip K Allen/HOU/ECT on 03/15/2001 
02:22 PM ---------------------------


""Arthur O'Donnell"" <aod@newsdata. com> on 03/15/2001 11:35:55 AM
Please respond to aod@newsdata.",,
7pr9rpwHRmu27bdWS1VE,functionalReqs,FR-004: The system shall identify missed rent for specific units.,1,email,['nEJ26kQVIAx0uuXrcNgw'],SUPPORTS,Auto-annotated with 1 source(s) from Firestore,"One point that is unclear is they claim that the $15

Subject: 
Lucy,

Here is the rentroll. 

My only questions are about #18, #25, and #37 missed rent.   Any special 
reasons? 

It looks like there are five vacancies #2,12,20a,35,40.   If you want to run 
an ad in the paper with a $50 discount that is fine. 
I will write you a letter of recommendation.   When do you

Subject: Re: Confidential Employee Information/Lenhart
I also need to know the base salaries of Jay Reitmeyer and Monique Sanchez.   
They are doing the same job as Matt. 

Subject: Behind the Stage Two
---------------------- Forwarded by Phillip K Allen/HOU/ECT on 03/15/2001 
02:22 PM ---------------------------


""Arthur O'Donnell"" <aod@newsdata. com> on 03/15/2001 11:35:55 AM
Please respond to aod@newsdata.",,
7pr9rpwHRmu27bdWS1VE,functionalReqs,FR-005: The system shall provide reasons for identified missed rent.,1,email,['nEJ26kQVIAx0uuXrcNgw'],SUPPORTS,Auto-annotated with 1 source(s) from Firestore,"One point that is unclear is they claim that the $15

Subject: 
Lucy,

Here is the rentroll. 

My only questions are about #18, #25, and #37 missed rent.   Any special 
reasons? 

It looks like there are five vacancies #2,12,20a,35,40.   If you want to run 
an ad in the paper with a $50 discount that is fine. 
I will write you a letter of recommendation.   When do you

Subject: Re: Confidential Employee Information/Lenhart
I also need to know the base salaries of Jay Reitmeyer and Monique Sanchez.   
They are doing the same job as Matt. 

Subject: Behind the Stage Two
---------------------- Forwarded by Phillip K Allen/HOU/ECT on 03/15/2001 
02:22 PM ---------------------------


""Arthur O'Donnell"" <aod@newsdata. com> on 03/15/2001 11:35:55 AM
Please respond to aod@newsdata.",,
7pr9rpwHRmu27bdWS1VE,functionalReqs,FR-006: The system shall identify vacant units.,1,email,['nEJ26kQVIAx0uuXrcNgw'],SUPPORTS,Auto-annotated with 1 source(s) from Firestore,"One point that is unclear is they claim that the $15

Subject: 
Lucy,

Here is the rentroll. 

My only questions are about #18, #25, and #37 missed rent.   Any special 
reasons? 

It looks like there are five vacancies #2,12,20a,35,40.   If you want to run 
an ad in the paper with a $50 discount that is fine. 
I will write you a letter of recommendation.   When do you

Subject: Re: Confidential Employee Information/Lenhart
I also need to know the base salaries of Jay Reitmeyer and Monique Sanchez.   
They are doing the same job as Matt. 

Subject: Behind the Stage Two
---------------------- Forwarded by Phillip K Allen/HOU/ECT on 03/15/2001 
02:22 PM ---------------------------


""Arthur O'Donnell"" <aod@newsdata. com> on 03/15/2001 11:35:55 AM
Please respond to aod@newsdata.",,
7pr9rpwHRmu27bdWS1VE,functionalReqs,FR-007: The system shall allow running advertisements with specified discounts.,1,email,['nEJ26kQVIAx0uuXrcNgw'],SUPPORTS,Auto-annotated with 1 source(s) from Firestore,"One point that is unclear is they claim that the $15

Subject: 
Lucy,

Here is the rentroll. 

My only questions are about #18, #25, and #37 missed rent.   Any special 
reasons? 

It looks like there are five vacancies #2,12,20a,35,40.   If you want to run 
an ad in the paper with a $50 discount that is fine. 
I will write you a letter of recommendation.   When do you

Subject: Re: Confidential Employee Information/Lenhart
I also need to know the base salaries of Jay Reitmeyer and Monique Sanchez.   
They are doing the same job as Matt. 

Subject: Behind the Stage Two
---------------------- Forwarded by Phillip K Allen/HOU/ECT on 03/15/2001 
02:22 PM ---------------------------


""Arthur O'Donnell"" <aod@newsdata. com> on 03/15/2001 11:35:55 AM
Please respond to aod@newsdata.",,
7pr9rpwHRmu27bdWS1VE,functionalReqs,FR-008: The system shall provide the base salaries for specified individuals.,1,email,['nEJ26kQVIAx0uuXrcNgw'],SUPPORTS,Auto-annotated with 1 source(s) from Firestore,"One point that is unclear is they claim that the $15

Subject: 
Lucy,

Here is the rentroll. 

My only questions are about #18, #25, and #37 missed rent.   Any special 
reasons? 

It looks like there are five vacancies #2,12,20a,35,40.   If you want to run 
an ad in the paper with a $50 discount that is fine. 
I will write you a letter of recommendation.   When do you

Subject: Re: Confidential Employee Information/Lenhart
I also need to know the base salaries of Jay Reitmeyer and Monique Sanchez.   
They are doing the same job as Matt. 

Subject: Behind the Stage Two
---------------------- Forwarded by Phillip K Allen/HOU/ECT on 03/15/2001 
02:22 PM ---------------------------


""Arthur O'Donnell"" <aod@newsdata. com> on 03/15/2001 11:35:55 AM
Please respond to aod@newsdata.",,
7pr9rpwHRmu27bdWS1VE,functionalReqs,FR-009: The system shall display pictures of house designs.,1,email,['NA37nO6al8PCMIFIZU7l'],SUPPORTS,Auto-annotated with 1 source(s) from Firestore,"Allen@enron. com
cc:  
Subject: Nondeliverable mail


------Transcript of session follows -------
scsatkfa@caprock. net
The

Subject: 
Cary,

Here is the picture of the house I have in mind.   I was going for a simple 
farmhouse style to  place on 5 acres near Wimberley.   

A few points that might not be obvious from the plans are:

There will be a double porch across the back just like the front
No dormers (Metal roof)
1/2 bath und

Subject: 
Reagan,

Thank you for the quick response on the bid for the residence.   Below is a 
list of questions on the specs:

1.   Is the framing Lumber #2 yellow pine?   Wouldn't fir or spruce warp less 
and cost about the same? 

2.   What type of floor joist would be used?",,
7pr9rpwHRmu27bdWS1VE,functionalReqs,FR-010: The system shall provide view-only IDs for specified publications that post monthly indices.,1,email,['WUqCyHcONyINH1mwYeS7'],SUPPORTS,Auto-annotated with 1 source(s) from Firestore,"I need to provide view only ID's to the two major 
publications that post the monthly indeces.   Please email an id and password 
to the following:

Dexter Steis at Natural Gas Intelligence- dexter@intelligencepress. com

Liane Kucher at Inside Ferc-  lkuch@mh. com

Bidwee

Subject: 
Johnnie,

Thank you for meeting with me on Friday.   I left feeling very optimistic 
about the panel system.   I would like to find a way to incorporate the panels 
into the home design I showed you.   In order to make it feasible within my 
budget I am sure it will take several iterations.   The prospe

Subject: Re: FW: 2nd lien info.  and private lien info - The Stage Coach Apartments, Phillip Allen
How am I to send them the money for the silent second?   Regular mail, 
overnight, wire transfer?",,
7pr9rpwHRmu27bdWS1VE,functionalReqs,FR-011: The system shall email IDs and passwords to specified recipients.,1,email,['WUqCyHcONyINH1mwYeS7'],SUPPORTS,Auto-annotated with 1 source(s) from Firestore,"I need to provide view only ID's to the two major 
publications that post the monthly indeces.   Please email an id and password 
to the following:

Dexter Steis at Natural Gas Intelligence- dexter@intelligencepress. com

Liane Kucher at Inside Ferc-  lkuch@mh. com

Bidwee

Subject: 
Johnnie,

Thank you for meeting with me on Friday.   I left feeling very optimistic 
about the panel system.   I would like to find a way to incorporate the panels 
into the home design I showed you.   In order to make it feasible within my 
budget I am sure it will take several iterations.   The prospe

Subject: Re: FW: 2nd lien info.  and private lien info - The Stage Coach Apartments, Phillip Allen
How am I to send them the money for the silent second?   Regular mail, 
overnight, wire transfer?",,
7pr9rpwHRmu27bdWS1VE,functionalReqs,FR-012: The system shall email an ID and password to Dexter Steis at Natural Gas Intelligence.,1,email,['uOzbT8aLlqdOv02nRIm1'],SUPPORTS,Auto-annotated with 1 source(s) from Firestore,"I need to provide view only ID's to the two major publications that post the monthly indeces.   Please email an id and password to the following:

Dexter Steis at Natural Gas Intelligence-	dexter@intelligencepress. com

Liane Kucher at Inside Ferc-  lkuch@mh. com

Bidweek 

Subject: Stick it in your Shockmachine! 
---------------------- Forwarded by Phillip K Allen/HOU/ECT on 12/11/99 02:39 
PM ---------------------------


""the shockwave. com team"" <shockwave. com@shockwave. m0. net> on 11/05/99 
02:49:43 AM
Please respond to shockwave. com@shockwave. m0. net
To: Phillip K Allen/HOU/ECT@ECT
cc:  
Subject: Stick it 

Subject: 
Naomi,

The two analysts that I have had contact with are Matt Lenhart  and Vishal 
Apte. 
Matt will be represented by Jeff Shankman.",,
7pr9rpwHRmu27bdWS1VE,functionalReqs,FR-013: The system shall email an ID and password to Liane Kucher at Inside Ferc.,1,email,['uOzbT8aLlqdOv02nRIm1'],SUPPORTS,Auto-annotated with 1 source(s) from Firestore,"I need to provide view only ID's to the two major publications that post the monthly indeces.   Please email an id and password to the following:

Dexter Steis at Natural Gas Intelligence-	dexter@intelligencepress. com

Liane Kucher at Inside Ferc-  lkuch@mh. com

Bidweek 

Subject: Stick it in your Shockmachine! 
---------------------- Forwarded by Phillip K Allen/HOU/ECT on 12/11/99 02:39 
PM ---------------------------


""the shockwave. com team"" <shockwave. com@shockwave. m0. net> on 11/05/99 
02:49:43 AM
Please respond to shockwave. com@shockwave. m0. net
To: Phillip K Allen/HOU/ECT@ECT
cc:  
Subject: Stick it 

Subject: 
Naomi,

The two analysts that I have had contact with are Matt Lenhart  and Vishal 
Apte. 
Matt will be represented by Jeff Shankman.",,
7pr9rpwHRmu27bdWS1VE,functionalReqs,FR-014: The system shall display the site plan for Burnet.,1,email,['yHEQXck8xT3fW35iZB35'],SUPPORTS,Auto-annotated with 1 source(s) from Firestore,"xls
---------------------- Forwarded by Phillip K Allen/HOU/ECT on 09/19/2000 
04:35 PM ---------------------------


""George Richards"" <cbpres@austin. rr. com> on 09/08/2000 05:21:49 AM
Please respond to <cbpres@austin. rr. com>
To: ""Phillip Allen"" <pallen@enron. com>
cc: ""Larry Lewter"" <retwell@mail. sanmar

Subject: Re: burnet
Jeff,

 I need to see the site plan for Burnet.   Remember I must get written 
approval from Brenda Key Stone before I can sell this property and she has 
concerns about the way the property will be subdivided.     I would also like 
to review the closing statements as soon as possible. 

Phillip

Subject: Re: Sept 1 Payment
Brenda,

 I checked my records and I mailed check #1178 for the normal amount on 
August 28th.   I mailed it to 4303 Pate Rd.",,
7pr9rpwHRmu27bdWS1VE,functionalReqs,FR-015: The system shall enforce written approval from Brenda Key Stone before property sale.,1,email,['yHEQXck8xT3fW35iZB35'],SUPPORTS,Auto-annotated with 1 source(s) from Firestore,"xls
---------------------- Forwarded by Phillip K Allen/HOU/ECT on 09/19/2000 
04:35 PM ---------------------------


""George Richards"" <cbpres@austin. rr. com> on 09/08/2000 05:21:49 AM
Please respond to <cbpres@austin. rr. com>
To: ""Phillip Allen"" <pallen@enron. com>
cc: ""Larry Lewter"" <retwell@mail. sanmar

Subject: Re: burnet
Jeff,

 I need to see the site plan for Burnet.   Remember I must get written 
approval from Brenda Key Stone before I can sell this property and she has 
concerns about the way the property will be subdivided.     I would also like 
to review the closing statements as soon as possible. 

Phillip

Subject: Re: Sept 1 Payment
Brenda,

 I checked my records and I mailed check #1178 for the normal amount on 
August 28th.   I mailed it to 4303 Pate Rd.",,
7pr9rpwHRmu27bdWS1VE,nfrReqs,"NFR-001: [Security] - The system shall support role-based access control, including a 'view only' role.",1,email,['WUqCyHcONyINH1mwYeS7'],SUPPORTS,Auto-annotated with 1 source(s) from Firestore,"I need to provide view only ID's to the two major 
publications that post the monthly indeces.   Please email an id and password 
to the following:

Dexter Steis at Natural Gas Intelligence- dexter@intelligencepress. com

Liane Kucher at Inside Ferc-  lkuch@mh. com

Bidwee

Subject: 
Johnnie,

Thank you for meeting with me on Friday.   I left feeling very optimistic 
about the panel system.   I would like to find a way to incorporate the panels 
into the home design I showed you.   In order to make it feasible within my 
budget I am sure it will take several iterations.   The prospe

Subject: Re: FW: 2nd lien info.  and private lien info - The Stage Coach Apartments, Phillip Allen
How am I to send them the money for the silent second?   Regular mail, 
overnight, wire transfer?",,
7pr9rpwHRmu27bdWS1VE,nfrReqs,"NFR-002: [Security] - The system shall protect confidential employee information, such as base salaries, from unauthorized access.",1,email,['nEJ26kQVIAx0uuXrcNgw'],SUPPORTS,Auto-annotated with 1 source(s) from Firestore,"One point that is unclear is they claim that the $15

Subject: 
Lucy,

Here is the rentroll. 

My only questions are about #18, #25, and #37 missed rent.   Any special 
reasons? 

It looks like there are five vacancies #2,12,20a,35,40.   If you want to run 
an ad in the paper with a $50 discount that is fine. 
I will write you a letter of recommendation.   When do you

Subject: Re: Confidential Employee Information/Lenhart
I also need to know the base salaries of Jay Reitmeyer and Monique Sanchez.   
They are doing the same job as Matt. 

Subject: Behind the Stage Two
---------------------- Forwarded by Phillip K Allen/HOU/ECT on 03/15/2001 
02:22 PM ---------------------------


""Arthur O'Donnell"" <aod@newsdata. com> on 03/15/2001 11:35:55 AM
Please respond to aod@newsdata.",,
7pr9rpwHRmu27bdWS1VE,nfrReqs,NFR-003: [Availability] - The system shall make historical property transaction data available for retrieval.,1,email,['mpcTSsBVpL2E1qZZAM8H'],SUPPORTS,Auto-annotated with 1 source(s) from Firestore,"com>
To: ""Phillip Allen"" <pallen@enron. com>
cc: ""Larry Lewter"" <retwell@mail. sanmar

Subject: Re: Chelsea Villas
Jeff,

 I received the rent roll.   I am going to be in San Marcos this weekend but I 
am booked with stage coach.   I will drive by Friday evening. 
 I will let you know next week if I need to see the inside.   Can you find out 
when Chelsea Villa last changed hands and for what price? 

 What about get

Subject: Westgate Proforma-Phillip Allen. xls
---------------------- Forwarded by Phillip K Allen/HOU/ECT on 09/08/2000 
12:28 PM ---------------------------


""George Richards"" <cbpres@austin. rr. com> on 09/08/2000 05:21:49 AM
Please respond to <cbpres@austin. rr. com>
To: ""Phillip Allen"" <pallen@enron. com>
cc: ""Larry Lewter"" <retwell@mail.",,
7pr9rpwHRmu27bdWS1VE,nfrReqs,NFR-004: [Compliance] - The system shall allow for the tracking and retrieval of reasons for missed rent.,1,email,['nEJ26kQVIAx0uuXrcNgw'],SUPPORTS,Auto-annotated with 1 source(s) from Firestore,"One point that is unclear is they claim that the $15

Subject: 
Lucy,

Here is the rentroll. 

My only questions are about #18, #25, and #37 missed rent.   Any special 
reasons? 

It looks like there are five vacancies #2,12,20a,35,40.   If you want to run 
an ad in the paper with a $50 discount that is fine. 
I will write you a letter of recommendation.   When do you

Subject: Re: Confidential Employee Information/Lenhart
I also need to know the base salaries of Jay Reitmeyer and Monique Sanchez.   
They are doing the same job as Matt. 

Subject: Behind the Stage Two
---------------------- Forwarded by Phillip K Allen/HOU/ECT on 03/15/2001 
02:22 PM ---------------------------


""Arthur O'Donnell"" <aod@newsdata. com> on 03/15/2001 11:35:55 AM
Please respond to aod@newsdata.",,
7pr9rpwHRmu27bdWS1VE,nfrReqs,NFR-005: [Compliance] - The system shall enforce the requirement for written approval from designated authorities before property sales can be finalized.,1,email,['yHEQXck8xT3fW35iZB35'],SUPPORTS,Auto-annotated with 1 source(s) from Firestore,"xls
---------------------- Forwarded by Phillip K Allen/HOU/ECT on 09/19/2000 
04:35 PM ---------------------------


""George Richards"" <cbpres@austin. rr. com> on 09/08/2000 05:21:49 AM
Please respond to <cbpres@austin. rr. com>
To: ""Phillip Allen"" <pallen@enron. com>
cc: ""Larry Lewter"" <retwell@mail. sanmar

Subject: Re: burnet
Jeff,

 I need to see the site plan for Burnet.   Remember I must get written 
approval from Brenda Key Stone before I can sell this property and she has 
concerns about the way the property will be subdivided.     I would also like 
to review the closing statements as soon as possible. 

Phillip

Subject: Re: Sept 1 Payment
Brenda,

 I checked my records and I mailed check #1178 for the normal amount on 
August 28th.   I mailed it to 4303 Pate Rd.",,
7pr9rpwHRmu27bdWS1VE,nfrReqs,"NFR-006: [Usability] - The system shall present rent roll information in a clear and comprehensible format, highlighting discrepancies such as missed rent and vacancies.",1,email,['nEJ26kQVIAx0uuXrcNgw'],SUPPORTS,Auto-annotated with 1 source(s) from Firestore,"One point that is unclear is they claim that the $15

Subject: 
Lucy,

Here is the rentroll. 

My only questions are about #18, #25, and #37 missed rent.   Any special 
reasons? 

It looks like there are five vacancies #2,12,20a,35,40.   If you want to run 
an ad in the paper with a $50 discount that is fine. 
I will write you a letter of recommendation.   When do you

Subject: Re: Confidential Employee Information/Lenhart
I also need to know the base salaries of Jay Reitmeyer and Monique Sanchez.   
They are doing the same job as Matt. 

Subject: Behind the Stage Two
---------------------- Forwarded by Phillip K Allen/HOU/ECT on 03/15/2001 
02:22 PM ---------------------------


""Arthur O'Donnell"" <aod@newsdata. com> on 03/15/2001 11:35:55 AM
Please respond to aod@newsdata.",,
7pr9rpwHRmu27bdWS1VE,nfrReqs,NFR-007: [Performance] - The system shall provide quick responses to user inquiries and actions.,1,email,['NA37nO6al8PCMIFIZU7l'],DOES_NOT_SUPPORT,Auto-annotated with 1 source(s) from Firestore,"Allen@enron. com
cc:  
Subject: Nondeliverable mail


------Transcript of session follows -------
scsatkfa@caprock. net
The

Subject: 
Cary,

Here is the picture of the house I have in mind.   I was going for a simple 
farmhouse style to  place on 5 acres near Wimberley.   

A few points that might not be obvious from the plans are:

There will be a double porch across the back just like the front
No dormers (Metal roof)
1/2 bath und

Subject: 
Reagan,

Thank you for the quick response on the bid for the residence.   Below is a 
list of questions on the specs:

1.   Is the framing Lumber #2 yellow pine?   Wouldn't fir or spruce warp less 
and cost about the same? 

2.   What type of floor joist would be used?",,
6o0okGXwxd7dVXhsunbN,functionalReqs,FR-001: The system shall display a popup box user interface element.,1,email,['31haAP3sPLSNPPFY2Yzt'],SUPPORTS,Auto-annotated with 1 source(s) from Firestore,"Unfortun

Subject: Re: Popup Text
sounds good




David Forster@ENRON
10/12/2000 01:32 PM
To: Savita Puthigai/NA/Enron@Enron, Andy Zipper/Corp/Enron@Enron, Kal 
Shah/HOU/ECT@ECT
cc: John Arnold/HOU/ECT@ECT 
Subject: Popup Text


I would like to put the following text into a popup box which will appear 
once to all users of EnronOnli

Subject: 
John:
Please call Lavorato's secretary, Kim, and schedule a time to talk with John 
ASAP. 
Thanks,
John

Subject: Re: SMUD deal Asian options
I can do it either way but would much rather just make it the simple average 
of prices, 5 per week.",,
6o0okGXwxd7dVXhsunbN,functionalReqs,FR-002: The system shall allow an authorized user to define the text content for a popup box.,1,email,['31haAP3sPLSNPPFY2Yzt'],SUPPORTS,Auto-annotated with 1 source(s) from Firestore,"Unfortun

Subject: Re: Popup Text
sounds good




David Forster@ENRON
10/12/2000 01:32 PM
To: Savita Puthigai/NA/Enron@Enron, Andy Zipper/Corp/Enron@Enron, Kal 
Shah/HOU/ECT@ECT
cc: John Arnold/HOU/ECT@ECT 
Subject: Popup Text


I would like to put the following text into a popup box which will appear 
once to all users of EnronOnli

Subject: 
John:
Please call Lavorato's secretary, Kim, and schedule a time to talk with John 
ASAP. 
Thanks,
John

Subject: Re: SMUD deal Asian options
I can do it either way but would much rather just make it the simple average 
of prices, 5 per week.",,
6o0okGXwxd7dVXhsunbN,functionalReqs,FR-003: The system shall display user-specified text within a popup box.,1,email,['31haAP3sPLSNPPFY2Yzt'],SUPPORTS,Auto-annotated with 1 source(s) from Firestore,"Unfortun

Subject: Re: Popup Text
sounds good




David Forster@ENRON
10/12/2000 01:32 PM
To: Savita Puthigai/NA/Enron@Enron, Andy Zipper/Corp/Enron@Enron, Kal 
Shah/HOU/ECT@ECT
cc: John Arnold/HOU/ECT@ECT 
Subject: Popup Text


I would like to put the following text into a popup box which will appear 
once to all users of EnronOnli

Subject: 
John:
Please call Lavorato's secretary, Kim, and schedule a time to talk with John 
ASAP. 
Thanks,
John

Subject: Re: SMUD deal Asian options
I can do it either way but would much rather just make it the simple average 
of prices, 5 per week.",,
6o0okGXwxd7dVXhsunbN,functionalReqs,FR-004: The system shall ensure the popup box appears exactly once to each user.,1,email,['31haAP3sPLSNPPFY2Yzt'],SUPPORTS,Auto-annotated with 1 source(s) from Firestore,"Unfortun

Subject: Re: Popup Text
sounds good




David Forster@ENRON
10/12/2000 01:32 PM
To: Savita Puthigai/NA/Enron@Enron, Andy Zipper/Corp/Enron@Enron, Kal 
Shah/HOU/ECT@ECT
cc: John Arnold/HOU/ECT@ECT 
Subject: Popup Text


I would like to put the following text into a popup box which will appear 
once to all users of EnronOnli

Subject: 
John:
Please call Lavorato's secretary, Kim, and schedule a time to talk with John 
ASAP. 
Thanks,
John

Subject: Re: SMUD deal Asian options
I can do it either way but would much rather just make it the simple average 
of prices, 5 per week.",,
6o0okGXwxd7dVXhsunbN,functionalReqs,FR-005: The system shall track which users have viewed a specific popup box.,1,email,['31haAP3sPLSNPPFY2Yzt'],SUPPORTS,Auto-annotated with 1 source(s) from Firestore,"Unfortun

Subject: Re: Popup Text
sounds good




David Forster@ENRON
10/12/2000 01:32 PM
To: Savita Puthigai/NA/Enron@Enron, Andy Zipper/Corp/Enron@Enron, Kal 
Shah/HOU/ECT@ECT
cc: John Arnold/HOU/ECT@ECT 
Subject: Popup Text


I would like to put the following text into a popup box which will appear 
once to all users of EnronOnli

Subject: 
John:
Please call Lavorato's secretary, Kim, and schedule a time to talk with John 
ASAP. 
Thanks,
John

Subject: Re: SMUD deal Asian options
I can do it either way but would much rather just make it the simple average 
of prices, 5 per week.",,
6o0okGXwxd7dVXhsunbN,functionalReqs,FR-006: The system shall display the popup box to all users of EnronOnli.,1,email,['31haAP3sPLSNPPFY2Yzt'],SUPPORTS,Auto-annotated with 1 source(s) from Firestore,"Unfortun

Subject: Re: Popup Text
sounds good




David Forster@ENRON
10/12/2000 01:32 PM
To: Savita Puthigai/NA/Enron@Enron, Andy Zipper/Corp/Enron@Enron, Kal 
Shah/HOU/ECT@ECT
cc: John Arnold/HOU/ECT@ECT 
Subject: Popup Text


I would like to put the following text into a popup box which will appear 
once to all users of EnronOnli

Subject: 
John:
Please call Lavorato's secretary, Kim, and schedule a time to talk with John 
ASAP. 
Thanks,
John

Subject: Re: SMUD deal Asian options
I can do it either way but would much rather just make it the simple average 
of prices, 5 per week.",,
6o0okGXwxd7dVXhsunbN,functionalReqs,FR-007: The system shall identify users as members of EnronOnli for popup targeting.,1,email,['31haAP3sPLSNPPFY2Yzt'],SUPPORTS,Auto-annotated with 1 source(s) from Firestore,"Unfortun

Subject: Re: Popup Text
sounds good




David Forster@ENRON
10/12/2000 01:32 PM
To: Savita Puthigai/NA/Enron@Enron, Andy Zipper/Corp/Enron@Enron, Kal 
Shah/HOU/ECT@ECT
cc: John Arnold/HOU/ECT@ECT 
Subject: Popup Text


I would like to put the following text into a popup box which will appear 
once to all users of EnronOnli

Subject: 
John:
Please call Lavorato's secretary, Kim, and schedule a time to talk with John 
ASAP. 
Thanks,
John

Subject: Re: SMUD deal Asian options
I can do it either way but would much rather just make it the simple average 
of prices, 5 per week.",,
6o0okGXwxd7dVXhsunbN,functionalReqs,FR-008: The system shall provide an interface for managing popup box configurations.,1,email,['31haAP3sPLSNPPFY2Yzt'],SUPPORTS,Auto-annotated with 1 source(s) from Firestore,"Unfortun

Subject: Re: Popup Text
sounds good




David Forster@ENRON
10/12/2000 01:32 PM
To: Savita Puthigai/NA/Enron@Enron, Andy Zipper/Corp/Enron@Enron, Kal 
Shah/HOU/ECT@ECT
cc: John Arnold/HOU/ECT@ECT 
Subject: Popup Text


I would like to put the following text into a popup box which will appear 
once to all users of EnronOnli

Subject: 
John:
Please call Lavorato's secretary, Kim, and schedule a time to talk with John 
ASAP. 
Thanks,
John

Subject: Re: SMUD deal Asian options
I can do it either way but would much rather just make it the simple average 
of prices, 5 per week.",,
6o0okGXwxd7dVXhsunbN,functionalReqs,FR-009: The system shall allow an authorized user to initiate the display of a popup box.,1,email,['31haAP3sPLSNPPFY2Yzt'],SUPPORTS,Auto-annotated with 1 source(s) from Firestore,"Unfortun

Subject: Re: Popup Text
sounds good




David Forster@ENRON
10/12/2000 01:32 PM
To: Savita Puthigai/NA/Enron@Enron, Andy Zipper/Corp/Enron@Enron, Kal 
Shah/HOU/ECT@ECT
cc: John Arnold/HOU/ECT@ECT 
Subject: Popup Text


I would like to put the following text into a popup box which will appear 
once to all users of EnronOnli

Subject: 
John:
Please call Lavorato's secretary, Kim, and schedule a time to talk with John 
ASAP. 
Thanks,
John

Subject: Re: SMUD deal Asian options
I can do it either way but would much rather just make it the simple average 
of prices, 5 per week.",,
6o0okGXwxd7dVXhsunbN,functionalReqs,FR-010: The system shall allow an authorized user to configure the display frequency of a popup box.,1,email,['31haAP3sPLSNPPFY2Yzt'],SUPPORTS,Auto-annotated with 1 source(s) from Firestore,"Unfortun

Subject: Re: Popup Text
sounds good




David Forster@ENRON
10/12/2000 01:32 PM
To: Savita Puthigai/NA/Enron@Enron, Andy Zipper/Corp/Enron@Enron, Kal 
Shah/HOU/ECT@ECT
cc: John Arnold/HOU/ECT@ECT 
Subject: Popup Text


I would like to put the following text into a popup box which will appear 
once to all users of EnronOnli

Subject: 
John:
Please call Lavorato's secretary, Kim, and schedule a time to talk with John 
ASAP. 
Thanks,
John

Subject: Re: SMUD deal Asian options
I can do it either way but would much rather just make it the simple average 
of prices, 5 per week.",,
6o0okGXwxd7dVXhsunbN,functionalReqs,FR-011: The system shall allow an authorized user to specify the target audience for a popup box.,1,email,['31haAP3sPLSNPPFY2Yzt'],SUPPORTS,Auto-annotated with 1 source(s) from Firestore,"Unfortun

Subject: Re: Popup Text
sounds good




David Forster@ENRON
10/12/2000 01:32 PM
To: Savita Puthigai/NA/Enron@Enron, Andy Zipper/Corp/Enron@Enron, Kal 
Shah/HOU/ECT@ECT
cc: John Arnold/HOU/ECT@ECT 
Subject: Popup Text


I would like to put the following text into a popup box which will appear 
once to all users of EnronOnli

Subject: 
John:
Please call Lavorato's secretary, Kim, and schedule a time to talk with John 
ASAP. 
Thanks,
John

Subject: Re: SMUD deal Asian options
I can do it either way but would much rather just make it the simple average 
of prices, 5 per week.",,
6o0okGXwxd7dVXhsunbN,functionalReqs,FR-012: The system shall render popup boxes on the EnronOnli platform.,1,email,['31haAP3sPLSNPPFY2Yzt'],SUPPORTS,Auto-annotated with 1 source(s) from Firestore,"Unfortun

Subject: Re: Popup Text
sounds good




David Forster@ENRON
10/12/2000 01:32 PM
To: Savita Puthigai/NA/Enron@Enron, Andy Zipper/Corp/Enron@Enron, Kal 
Shah/HOU/ECT@ECT
cc: John Arnold/HOU/ECT@ECT 
Subject: Popup Text


I would like to put the following text into a popup box which will appear 
once to all users of EnronOnli

Subject: 
John:
Please call Lavorato's secretary, Kim, and schedule a time to talk with John 
ASAP. 
Thanks,
John

Subject: Re: SMUD deal Asian options
I can do it either way but would much rather just make it the simple average 
of prices, 5 per week.",,
6o0okGXwxd7dVXhsunbN,nfrReqs,NFR-001: [Usability] - The system shall display the popup box to each user only once.,1,email,['31haAP3sPLSNPPFY2Yzt'],SUPPORTS,Auto-annotated with 1 source(s) from Firestore,"Unfortun

Subject: Re: Popup Text
sounds good




David Forster@ENRON
10/12/2000 01:32 PM
To: Savita Puthigai/NA/Enron@Enron, Andy Zipper/Corp/Enron@Enron, Kal 
Shah/HOU/ECT@ECT
cc: John Arnold/HOU/ECT@ECT 
Subject: Popup Text


I would like to put the following text into a popup box which will appear 
once to all users of EnronOnli

Subject: 
John:
Please call Lavorato's secretary, Kim, and schedule a time to talk with John 
ASAP. 
Thanks,
John

Subject: Re: SMUD deal Asian options
I can do it either way but would much rather just make it the simple average 
of prices, 5 per week.",,
6o0okGXwxd7dVXhsunbN,nfrReqs,NFR-002: [Scalability] - The system shall be capable of displaying the popup box simultaneously to all active users of EnronOnline.,1,email,['31haAP3sPLSNPPFY2Yzt'],SUPPORTS,Auto-annotated with 1 source(s) from Firestore,"Unfortun

Subject: Re: Popup Text
sounds good




David Forster@ENRON
10/12/2000 01:32 PM
To: Savita Puthigai/NA/Enron@Enron, Andy Zipper/Corp/Enron@Enron, Kal 
Shah/HOU/ECT@ECT
cc: John Arnold/HOU/ECT@ECT 
Subject: Popup Text


I would like to put the following text into a popup box which will appear 
once to all users of EnronOnli

Subject: 
John:
Please call Lavorato's secretary, Kim, and schedule a time to talk with John 
ASAP. 
Thanks,
John

Subject: Re: SMUD deal Asian options
I can do it either way but would much rather just make it the simple average 
of prices, 5 per week.",,
6o0okGXwxd7dVXhsunbN,nfrReqs,NFR-003: [Usability] - The system shall default the 'time open' setting for limit orders to 12 hours when a customer opens the limit order box.,1,email,['d8PtmLKzOptqc2Pkgecz'],SUPPORTS,Auto-annotated with 1 source(s) from Firestore,"I've certainly had some 
troubles this quarter.   I do appreciate your offer but I don't want to take 
away from the amazing year you've had so far.   Maybe you should come trade 
this... 
John




Jim Schwieger
12/06/2000 05:42 PM
To: John Ar

Subject: 
Dave:
A couple things about the limit orders:

1:  When a customer opens up the limit order box, I think the time open 
should default to 12 hours.   We want the orders open as long as possible.   
Now, it is more work to keep the order open for 12 hours than for 1 hour.   
Traditionally, limit orders 

Subject: 
I spoke to Alfred Pennisi from MG today.   MG clears their own trades and 
maybe some for other customers.   He indicated that his cost for clearing is 
$3. 05 round turn.",,
6o0okGXwxd7dVXhsunbN,nfrReqs,NFR-004: [Usability] - The system shall allow limit orders to remain open for the longest possible duration.,1,email,['d8PtmLKzOptqc2Pkgecz'],SUPPORTS,Auto-annotated with 1 source(s) from Firestore,"I've certainly had some 
troubles this quarter.   I do appreciate your offer but I don't want to take 
away from the amazing year you've had so far.   Maybe you should come trade 
this... 
John




Jim Schwieger
12/06/2000 05:42 PM
To: John Ar

Subject: 
Dave:
A couple things about the limit orders:

1:  When a customer opens up the limit order box, I think the time open 
should default to 12 hours.   We want the orders open as long as possible.   
Now, it is more work to keep the order open for 12 hours than for 1 hour.   
Traditionally, limit orders 

Subject: 
I spoke to Alfred Pennisi from MG today.   MG clears their own trades and 
maybe some for other customers.   He indicated that his cost for clearing is 
$3. 05 round turn.",,
6o0okGXwxd7dVXhsunbN,nfrReqs,NFR-005: [Availability] - The system shall ensure the popup box is reliably displayed to all users upon their initial interaction with EnronOnline.,1,email,['31haAP3sPLSNPPFY2Yzt'],SUPPORTS,Auto-annotated with 1 source(s) from Firestore,"Unfortun

Subject: Re: Popup Text
sounds good




David Forster@ENRON
10/12/2000 01:32 PM
To: Savita Puthigai/NA/Enron@Enron, Andy Zipper/Corp/Enron@Enron, Kal 
Shah/HOU/ECT@ECT
cc: John Arnold/HOU/ECT@ECT 
Subject: Popup Text


I would like to put the following text into a popup box which will appear 
once to all users of EnronOnli

Subject: 
John:
Please call Lavorato's secretary, Kim, and schedule a time to talk with John 
ASAP. 
Thanks,
John

Subject: Re: SMUD deal Asian options
I can do it either way but would much rather just make it the simple average 
of prices, 5 per week.",,
6o0okGXwxd7dVXhsunbN,nfrReqs,NFR-006: [Usability] - The system shall present popup text in a clear and easily readable format.,1,email,['31haAP3sPLSNPPFY2Yzt'],PARTIALLY,Auto-annotated with 1 source(s) from Firestore,"Unfortun

Subject: Re: Popup Text
sounds good




David Forster@ENRON
10/12/2000 01:32 PM
To: Savita Puthigai/NA/Enron@Enron, Andy Zipper/Corp/Enron@Enron, Kal 
Shah/HOU/ECT@ECT
cc: John Arnold/HOU/ECT@ECT 
Subject: Popup Text


I would like to put the following text into a popup box which will appear 
once to all users of EnronOnli

Subject: 
John:
Please call Lavorato's secretary, Kim, and schedule a time to talk with John 
ASAP. 
Thanks,
John

Subject: Re: SMUD deal Asian options
I can do it either way but would much rather just make it the simple average 
of prices, 5 per week.",,
6o0okGXwxd7dVXhsunbN,nfrReqs,NFR-007: [Usability] - The system shall ensure the popup box does not obstruct critical user interface elements.,1,email,['31haAP3sPLSNPPFY2Yzt'],PARTIALLY,Auto-annotated with 1 source(s) from Firestore,"Unfortun

Subject: Re: Popup Text
sounds good




David Forster@ENRON
10/12/2000 01:32 PM
To: Savita Puthigai/NA/Enron@Enron, Andy Zipper/Corp/Enron@Enron, Kal 
Shah/HOU/ECT@ECT
cc: John Arnold/HOU/ECT@ECT 
Subject: Popup Text


I would like to put the following text into a popup box which will appear 
once to all users of EnronOnli

Subject: 
John:
Please call Lavorato's secretary, Kim, and schedule a time to talk with John 
ASAP. 
Thanks,
John

Subject: Re: SMUD deal Asian options
I can do it either way but would much rather just make it the simple average 
of prices, 5 per week.",,
6o0okGXwxd7dVXhsunbN,nfrReqs,NFR-008: [Availability] - The system shall reliably maintain the state of open limit orders for their entire configured duration.,1,email,['d8PtmLKzOptqc2Pkgecz'],SUPPORTS,Auto-annotated with 1 source(s) from Firestore,"I've certainly had some 
troubles this quarter.   I do appreciate your offer but I don't want to take 
away from the amazing year you've had so far.   Maybe you should come trade 
this... 
John




Jim Schwieger
12/06/2000 05:42 PM
To: John Ar

Subject: 
Dave:
A couple things about the limit orders:

1:  When a customer opens up the limit order box, I think the time open 
should default to 12 hours.   We want the orders open as long as possible.   
Now, it is more work to keep the order open for 12 hours than for 1 hour.   
Traditionally, limit orders 

Subject: 
I spoke to Alfred Pennisi from MG today.   MG clears their own trades and 
maybe some for other customers.   He indicated that his cost for clearing is 
$3. 05 round turn.",,
cwdFaJr0bdYhEGiOTbqk,functionalReqs,"FR-001: The system shall identify units 33, 34, 35, and 42 as at risk for collapse.",1,email,['YY14sMMTxAy95ghFtiZT'],SUPPORTS,Auto-annotated with 1 source(s) from Firestore,"From the memo from the city it sounds like 33,34,35, and 42 are the units that are at risk for collapse.   I don't want to pay for any discretionary work.   Also, I am still waiting for a quot

Subject: RE: FERC REQUEST - PLEASE COORDINATE WITH LEGAL AND BUSINESS
Jim,

I read through the data request.   We cannot provide several of the items that they requested.   We do not break out our california deals into separate transport and commodity components.   Also the majortiy of our buys and sells net out without exchanging actual transport contract numbers.   I kn

Subject: RE: California Update 5/22/01
Kristin,

Have you seen any studies associated with the opinions that the $12B is not enough.",,
cwdFaJr0bdYhEGiOTbqk,functionalReqs,FR-002: The system shall prevent payment for discretionary work.,1,email,['YY14sMMTxAy95ghFtiZT'],SUPPORTS,Auto-annotated with 1 source(s) from Firestore,"From the memo from the city it sounds like 33,34,35, and 42 are the units that are at risk for collapse.   I don't want to pay for any discretionary work.   Also, I am still waiting for a quot

Subject: RE: FERC REQUEST - PLEASE COORDINATE WITH LEGAL AND BUSINESS
Jim,

I read through the data request.   We cannot provide several of the items that they requested.   We do not break out our california deals into separate transport and commodity components.   Also the majortiy of our buys and sells net out without exchanging actual transport contract numbers.   I kn

Subject: RE: California Update 5/22/01
Kristin,

Have you seen any studies associated with the opinions that the $12B is not enough.",,
cwdFaJr0bdYhEGiOTbqk,functionalReqs,FR-003: The system shall track the status of quotes.,1,email,['YY14sMMTxAy95ghFtiZT'],SUPPORTS,Auto-annotated with 1 source(s) from Firestore,"From the memo from the city it sounds like 33,34,35, and 42 are the units that are at risk for collapse.   I don't want to pay for any discretionary work.   Also, I am still waiting for a quot

Subject: RE: FERC REQUEST - PLEASE COORDINATE WITH LEGAL AND BUSINESS
Jim,

I read through the data request.   We cannot provide several of the items that they requested.   We do not break out our california deals into separate transport and commodity components.   Also the majortiy of our buys and sells net out without exchanging actual transport contract numbers.   I kn

Subject: RE: California Update 5/22/01
Kristin,

Have you seen any studies associated with the opinions that the $12B is not enough.",,
cwdFaJr0bdYhEGiOTbqk,functionalReqs,FR-004: The system shall not break out California deals into separate transport and commodity components.,1,email,['YY14sMMTxAy95ghFtiZT'],SUPPORTS,Auto-annotated with 1 source(s) from Firestore,"From the memo from the city it sounds like 33,34,35, and 42 are the units that are at risk for collapse.   I don't want to pay for any discretionary work.   Also, I am still waiting for a quot

Subject: RE: FERC REQUEST - PLEASE COORDINATE WITH LEGAL AND BUSINESS
Jim,

I read through the data request.   We cannot provide several of the items that they requested.   We do not break out our california deals into separate transport and commodity components.   Also the majortiy of our buys and sells net out without exchanging actual transport contract numbers.   I kn

Subject: RE: California Update 5/22/01
Kristin,

Have you seen any studies associated with the opinions that the $12B is not enough.",,
cwdFaJr0bdYhEGiOTbqk,functionalReqs,FR-005: The system shall support the signing and faxing of necessary contracts.,1,email,['93wYImuwPI8DojPnqJ08'],SUPPORTS,Auto-annotated with 1 source(s) from Firestore,"This allows Accenture to have a completed project and no more cash goes out the door. 

The effort from the SME's should be co

Subject: RE: Bishops Corner
Greg,

I would rather sign and fax copies of the necessary contracts then follow up with originals through the mail.   

Phillip

 -----Original Message-----
From: 	""Greg Thorse"" <gthorse@keyad. com>@ENRON  
Sent:	Monday, October 29, 2001 11:00 AM
To:	Allen, Phillip K. 
Subject:	Bishops Corner

Phillip

Subject: 
Jacques,

I need to pull together the Bishops Corner organization documents so we can close on the bank loan.   Did Keith and I take the originals or did we leave them with you?   I know we still need to issue the shares for the GP. 

Please drop me a note. 

Phillip Allen

Subject: 
Jeff,

I reviewed your revised offer sheet.",,
cwdFaJr0bdYhEGiOTbqk,functionalReqs,FR-006: The system shall process employee promotion approvals.,1,email,['9N8CbyV0YTEtCq5WRVcY'],SUPPORTS,Auto-annotated with 1 source(s) from Firestore,"Ray

-----------------

Subject: FW: Promotion Approval


 -----Original Message-----
From: 	Yeverino, Norma  
Sent:	Friday, July 27, 2001 5:06 PM
To:	Allen, Phillip K. 
Subject:	Promotion Approval 

This message is sent to you on behalf of Robert Jones, Human Resources. 

The following employee has been approved for promotion. 

Employee			Current Job Titl

Subject: RE:
Jacques,

If your schedule permits, 4pm or later today would work for us.   

Phillip

 -----Original Message-----
From: 	JacquesTC@aol. com@ENRON [mailto:IMCEANOTES-JacquesTC+40aol+2Ecom+40ENRON@ENRON. com] 
Sent:	Saturday, July 28, 2001 9:20 AM
To:	Allen, Phillip K.",,
cwdFaJr0bdYhEGiOTbqk,functionalReqs,FR-007: The system shall record approved employee promotions.,1,email,['9N8CbyV0YTEtCq5WRVcY'],SUPPORTS,Auto-annotated with 1 source(s) from Firestore,"Ray

-----------------

Subject: FW: Promotion Approval


 -----Original Message-----
From: 	Yeverino, Norma  
Sent:	Friday, July 27, 2001 5:06 PM
To:	Allen, Phillip K. 
Subject:	Promotion Approval 

This message is sent to you on behalf of Robert Jones, Human Resources. 

The following employee has been approved for promotion. 

Employee			Current Job Titl

Subject: RE:
Jacques,

If your schedule permits, 4pm or later today would work for us.   

Phillip

 -----Original Message-----
From: 	JacquesTC@aol. com@ENRON [mailto:IMCEANOTES-JacquesTC+40aol+2Ecom+40ENRON@ENRON. com] 
Sent:	Saturday, July 28, 2001 9:20 AM
To:	Allen, Phillip K.",,
cwdFaJr0bdYhEGiOTbqk,functionalReqs,FR-008: The system shall facilitate the emailing of documents.,1,email,['GSj0FByVephW8CLdHzlA'],SUPPORTS,Auto-annotated with 1 source(s) from Firestore,"Once you email me that document, I will execute it and overnight all 4 documents to you.   

Phillip
 -----Original M

Subject: RE: Attention Body Shop Members -- UPDATE on Body Shop Closure
Why is the body shop being closed?   Why can't it continued to be operated on a reduced staff with out exercise classes? 

 -----Original Message-----
From: 	General Announcement/Corp/Enron@ENRON   On Behalf Of Wellness@ENRON
Sent:	Friday, December 07, 2001 10:55 AM
To:	Enron Houston@ENRON
Subject:	At

Subject: RE: jobs on the gas desk
Erik,

All of the desk heads are leaving for an offsite this afternoon through this weekend.   Monday would be better.   I would like to schedule meetings for you with several people on the gas floor.   I will have Ina Rangel arrange this for Monday afternoon.",,
cwdFaJr0bdYhEGiOTbqk,functionalReqs,FR-009: The system shall record the execution status of documents.,1,email,['GSj0FByVephW8CLdHzlA'],SUPPORTS,Auto-annotated with 1 source(s) from Firestore,"Once you email me that document, I will execute it and overnight all 4 documents to you.   

Phillip
 -----Original M

Subject: RE: Attention Body Shop Members -- UPDATE on Body Shop Closure
Why is the body shop being closed?   Why can't it continued to be operated on a reduced staff with out exercise classes? 

 -----Original Message-----
From: 	General Announcement/Corp/Enron@ENRON   On Behalf Of Wellness@ENRON
Sent:	Friday, December 07, 2001 10:55 AM
To:	Enron Houston@ENRON
Subject:	At

Subject: RE: jobs on the gas desk
Erik,

All of the desk heads are leaving for an offsite this afternoon through this weekend.   Monday would be better.   I would like to schedule meetings for you with several people on the gas floor.   I will have Ina Rangel arrange this for Monday afternoon.",,
cwdFaJr0bdYhEGiOTbqk,functionalReqs,FR-010: The system shall track the overnight shipping of documents.,1,email,['GSj0FByVephW8CLdHzlA'],SUPPORTS,Auto-annotated with 1 source(s) from Firestore,"Once you email me that document, I will execute it and overnight all 4 documents to you.   

Phillip
 -----Original M

Subject: RE: Attention Body Shop Members -- UPDATE on Body Shop Closure
Why is the body shop being closed?   Why can't it continued to be operated on a reduced staff with out exercise classes? 

 -----Original Message-----
From: 	General Announcement/Corp/Enron@ENRON   On Behalf Of Wellness@ENRON
Sent:	Friday, December 07, 2001 10:55 AM
To:	Enron Houston@ENRON
Subject:	At

Subject: RE: jobs on the gas desk
Erik,

All of the desk heads are leaving for an offsite this afternoon through this weekend.   Monday would be better.   I would like to schedule meetings for you with several people on the gas floor.   I will have Ina Rangel arrange this for Monday afternoon.",,
cwdFaJr0bdYhEGiOTbqk,functionalReqs,FR-011: The system shall send revised agreements.,1,email,['pb27PorXkzK4uvtDHxta'],SUPPORTS,Auto-annotated with 1 source(s) from Firestore,"Let me know if you can book a 

Subject: RE: Utility Construction Escrow Agreement (Allen/AMHP)
Michelle,

Please send the revised agreements when you get a chance.   I spoke to Mike B.  this afternoon and agreed to move the deadline to Friday, August 17, 2001. 

Phillip

 -----Original Message-----
From: 	""Simpkins, Michelle"" <MSimpkins@winstead. com>@ENRON [mailto:IMCEANOTES-+22Simpkins+2C+20Mic

Subject: RE: Message from John and Louise - Enron Americas Management Offsite
Vail sounds good.   If we are only going downhill our legs shouldn't be too wiped out after the morning.   We will be on rented bikes, but I'm sure we can keep them for the day.",,
cwdFaJr0bdYhEGiOTbqk,functionalReqs,FR-012: The system shall allow modification of agreement deadlines.,1,email,['pb27PorXkzK4uvtDHxta'],SUPPORTS,Auto-annotated with 1 source(s) from Firestore,"Let me know if you can book a 

Subject: RE: Utility Construction Escrow Agreement (Allen/AMHP)
Michelle,

Please send the revised agreements when you get a chance.   I spoke to Mike B.  this afternoon and agreed to move the deadline to Friday, August 17, 2001. 

Phillip

 -----Original Message-----
From: 	""Simpkins, Michelle"" <MSimpkins@winstead. com>@ENRON [mailto:IMCEANOTES-+22Simpkins+2C+20Mic

Subject: RE: Message from John and Louise - Enron Americas Management Offsite
Vail sounds good.   If we are only going downhill our legs shouldn't be too wiped out after the morning.   We will be on rented bikes, but I'm sure we can keep them for the day.",,
cwdFaJr0bdYhEGiOTbqk,functionalReqs,FR-013: The system shall compile a report showing transaction volume by basis location for Basis Swaps.,1,email,['bxmgRDjQi3qA3nMN0SgA'],SUPPORTS,Auto-annotated with 1 source(s) from Firestore,"com]> 
Sent:

Subject: 
Jay,

I need to compile a report that shows transaction volume by basis location(Basis Swaps) and volume by location for Phys Forwards as well as Finc Swaps for Power. 

We have given them a list of the locations at which we like to make markets.   They want to see historical volumes at those location

Subject: RE:
Barry,

Mike and I are going to meet with John L.  at 2:30 to officially work out the details of Mike's succession as desk head.   We will probably announce to the group by the end of the week.   

Phillip

 -----Original Message-----
From: 	Tycholiz, Barry  
Sent:	Wednesday, July 11, 2001 8:23 AM
To:	

Subject: FW: Party


 -----Original Message-----
From: 	""Richard Toubia"" <richard. toubia@truequote. com <mailto:richard. toubia@truequote.",,
cwdFaJr0bdYhEGiOTbqk,functionalReqs,FR-014: The system shall compile a report showing transaction volume by location for Phys Forwards.,1,email,['bxmgRDjQi3qA3nMN0SgA'],SUPPORTS,Auto-annotated with 1 source(s) from Firestore,"com]> 
Sent:

Subject: 
Jay,

I need to compile a report that shows transaction volume by basis location(Basis Swaps) and volume by location for Phys Forwards as well as Finc Swaps for Power. 

We have given them a list of the locations at which we like to make markets.   They want to see historical volumes at those location

Subject: RE:
Barry,

Mike and I are going to meet with John L.  at 2:30 to officially work out the details of Mike's succession as desk head.   We will probably announce to the group by the end of the week.   

Phillip

 -----Original Message-----
From: 	Tycholiz, Barry  
Sent:	Wednesday, July 11, 2001 8:23 AM
To:	

Subject: FW: Party


 -----Original Message-----
From: 	""Richard Toubia"" <richard. toubia@truequote. com <mailto:richard. toubia@truequote.",,
cwdFaJr0bdYhEGiOTbqk,functionalReqs,FR-015: The system shall compile a report showing transaction volume by location for Finc Swaps for Power.,1,email,['bxmgRDjQi3qA3nMN0SgA'],SUPPORTS,Auto-annotated with 1 source(s) from Firestore,"com]> 
Sent:

Subject: 
Jay,

I need to compile a report that shows transaction volume by basis location(Basis Swaps) and volume by location for Phys Forwards as well as Finc Swaps for Power. 

We have given them a list of the locations at which we like to make markets.   They want to see historical volumes at those location

Subject: RE:
Barry,

Mike and I are going to meet with John L.  at 2:30 to officially work out the details of Mike's succession as desk head.   We will probably announce to the group by the end of the week.   

Phillip

 -----Original Message-----
From: 	Tycholiz, Barry  
Sent:	Wednesday, July 11, 2001 8:23 AM
To:	

Subject: FW: Party


 -----Original Message-----
From: 	""Richard Toubia"" <richard. toubia@truequote. com <mailto:richard. toubia@truequote.",,
cwdFaJr0bdYhEGiOTbqk,functionalReqs,FR-016: The system shall display historical transaction volumes at specified market locations.,1,email,['bxmgRDjQi3qA3nMN0SgA'],SUPPORTS,Auto-annotated with 1 source(s) from Firestore,"com]> 
Sent:

Subject: 
Jay,

I need to compile a report that shows transaction volume by basis location(Basis Swaps) and volume by location for Phys Forwards as well as Finc Swaps for Power. 

We have given them a list of the locations at which we like to make markets.   They want to see historical volumes at those location

Subject: RE:
Barry,

Mike and I are going to meet with John L.  at 2:30 to officially work out the details of Mike's succession as desk head.   We will probably announce to the group by the end of the week.   

Phillip

 -----Original Message-----
From: 	Tycholiz, Barry  
Sent:	Wednesday, July 11, 2001 8:23 AM
To:	

Subject: FW: Party


 -----Original Message-----
From: 	""Richard Toubia"" <richard. toubia@truequote. com <mailto:richard. toubia@truequote.",,
cwdFaJr0bdYhEGiOTbqk,functionalReqs,FR-017: The system shall track a target value of 1283 for the end of October.,1,email,['rgOzerqenXIQWKQPORbM'],SUPPORTS,Auto-annotated with 1 source(s) from Firestore,"I will be at home in the afternoon.  713-463-8626. 

If you need to email me use pallen70@hotmail. com. 

I will be in the office on Friday. 

Phillip

Subject: FW:


 -----Original Message-----
From: 	Heizenrader, Tim  
Sent:	Wednesday, October 17, 2001 8:08 AM
To:	Allen, Phillip K. 
Cc:	Nelson, Kourtney
Subject:	RE: 


Phillip:

The target for end of October is 1283.  We're not sure what's driving the day to day variation.  Direct effects of recent precipitation

Subject: RE: Check this out -
I like the cedar t-111 version better.   Why don't you tell this shop teacher not to be to comfortable and that you will be taking his job in two years. 

 -----Original Message-----
From: 	Richter, Jeff  
Sent:	Tuesday, October 23, 2001 7:45 AM
To:	Allen, Phillip K.",,
cwdFaJr0bdYhEGiOTbqk,nfrReqs,NFR-001: [Compliance] - The system shall adhere to the existing data structure where California deals are not broken out into separate transport and commodity components for reporting purposes.,1,email,['YY14sMMTxAy95ghFtiZT'],SUPPORTS,Auto-annotated with 1 source(s) from Firestore,"From the memo from the city it sounds like 33,34,35, and 42 are the units that are at risk for collapse.   I don't want to pay for any discretionary work.   Also, I am still waiting for a quot

Subject: RE: FERC REQUEST - PLEASE COORDINATE WITH LEGAL AND BUSINESS
Jim,

I read through the data request.   We cannot provide several of the items that they requested.   We do not break out our california deals into separate transport and commodity components.   Also the majortiy of our buys and sells net out without exchanging actual transport contract numbers.   I kn

Subject: RE: California Update 5/22/01
Kristin,

Have you seen any studies associated with the opinions that the $12B is not enough.",,
cwdFaJr0bdYhEGiOTbqk,nfrReqs,NFR-002: [Usability] - The system shall provide functionality to sign and fax copies of contracts digitally.,1,email,['93wYImuwPI8DojPnqJ08'],SUPPORTS,Auto-annotated with 1 source(s) from Firestore,"This allows Accenture to have a completed project and no more cash goes out the door. 

The effort from the SME's should be co

Subject: RE: Bishops Corner
Greg,

I would rather sign and fax copies of the necessary contracts then follow up with originals through the mail.   

Phillip

 -----Original Message-----
From: 	""Greg Thorse"" <gthorse@keyad. com>@ENRON  
Sent:	Monday, October 29, 2001 11:00 AM
To:	Allen, Phillip K. 
Subject:	Bishops Corner

Phillip

Subject: 
Jacques,

I need to pull together the Bishops Corner organization documents so we can close on the bank loan.   Did Keith and I take the originals or did we leave them with you?   I know we still need to issue the shares for the GP. 

Please drop me a note. 

Phillip Allen

Subject: 
Jeff,

I reviewed your revised offer sheet.",,
cwdFaJr0bdYhEGiOTbqk,nfrReqs,NFR-003: [Usability] - The system shall enable users to send and receive revised agreements efficiently.,1,email,['pb27PorXkzK4uvtDHxta'],SUPPORTS,Auto-annotated with 1 source(s) from Firestore,"Let me know if you can book a 

Subject: RE: Utility Construction Escrow Agreement (Allen/AMHP)
Michelle,

Please send the revised agreements when you get a chance.   I spoke to Mike B.  this afternoon and agreed to move the deadline to Friday, August 17, 2001. 

Phillip

 -----Original Message-----
From: 	""Simpkins, Michelle"" <MSimpkins@winstead. com>@ENRON [mailto:IMCEANOTES-+22Simpkins+2C+20Mic

Subject: RE: Message from John and Louise - Enron Americas Management Offsite
Vail sounds good.   If we are only going downhill our legs shouldn't be too wiped out after the morning.   We will be on rented bikes, but I'm sure we can keep them for the day.",,
cwdFaJr0bdYhEGiOTbqk,nfrReqs,"NFR-004: [Performance] - The system shall efficiently compile reports detailing transaction volumes by basis location for Basis Swaps, and by location for Phys Forwards and Finc Swaps for Power.",1,email,['bxmgRDjQi3qA3nMN0SgA'],SUPPORTS,Auto-annotated with 1 source(s) from Firestore,"com]> 
Sent:

Subject: 
Jay,

I need to compile a report that shows transaction volume by basis location(Basis Swaps) and volume by location for Phys Forwards as well as Finc Swaps for Power. 

We have given them a list of the locations at which we like to make markets.   They want to see historical volumes at those location

Subject: RE:
Barry,

Mike and I are going to meet with John L.  at 2:30 to officially work out the details of Mike's succession as desk head.   We will probably announce to the group by the end of the week.   

Phillip

 -----Original Message-----
From: 	Tycholiz, Barry  
Sent:	Wednesday, July 11, 2001 8:23 AM
To:	

Subject: FW: Party


 -----Original Message-----
From: 	""Richard Toubia"" <richard. toubia@truequote. com <mailto:richard. toubia@truequote.",,
cwdFaJr0bdYhEGiOTbqk,nfrReqs,NFR-005: [Scalability] - The system shall store and retrieve historical transaction volumes for specified locations over an extended period without degradation of performance.,1,email,['bxmgRDjQi3qA3nMN0SgA'],SUPPORTS,Auto-annotated with 1 source(s) from Firestore,"com]> 
Sent:

Subject: 
Jay,

I need to compile a report that shows transaction volume by basis location(Basis Swaps) and volume by location for Phys Forwards as well as Finc Swaps for Power. 

We have given them a list of the locations at which we like to make markets.   They want to see historical volumes at those location

Subject: RE:
Barry,

Mike and I are going to meet with John L.  at 2:30 to officially work out the details of Mike's succession as desk head.   We will probably announce to the group by the end of the week.   

Phillip

 -----Original Message-----
From: 	Tycholiz, Barry  
Sent:	Wednesday, July 11, 2001 8:23 AM
To:	

Subject: FW: Party


 -----Original Message-----
From: 	""Richard Toubia"" <richard. toubia@truequote. com <mailto:richard. toubia@truequote.",,
cwdFaJr0bdYhEGiOTbqk,nfrReqs,"NFR-006: [Performance] - The system shall provide monitoring tools to track progress against specific targets, such as a target of 1283 by the end of October.",1,email,['rgOzerqenXIQWKQPORbM'],SUPPORTS,Auto-annotated with 1 source(s) from Firestore,"I will be at home in the afternoon.  713-463-8626. 

If you need to email me use pallen70@hotmail. com. 

I will be in the office on Friday. 

Phillip

Subject: FW:


 -----Original Message-----
From: 	Heizenrader, Tim  
Sent:	Wednesday, October 17, 2001 8:08 AM
To:	Allen, Phillip K. 
Cc:	Nelson, Kourtney
Subject:	RE: 


Phillip:

The target for end of October is 1283.  We're not sure what's driving the day to day variation.  Direct effects of recent precipitation

Subject: RE: Check this out -
I like the cedar t-111 version better.   Why don't you tell this shop teacher not to be to comfortable and that you will be taking his job in two years. 

 -----Original Message-----
From: 	Richter, Jeff  
Sent:	Tuesday, October 23, 2001 7:45 AM
To:	Allen, Phillip K.",,
cwdFaJr0bdYhEGiOTbqk,nfrReqs,NFR-007: [Usability] - The system shall facilitate the analysis of factors contributing to day-to-day variations in tracked metrics.,1,email,['rgOzerqenXIQWKQPORbM'],SUPPORTS,Auto-annotated with 1 source(s) from Firestore,"I will be at home in the afternoon.  713-463-8626. 

If you need to email me use pallen70@hotmail. com. 

I will be in the office on Friday. 

Phillip

Subject: FW:


 -----Original Message-----
From: 	Heizenrader, Tim  
Sent:	Wednesday, October 17, 2001 8:08 AM
To:	Allen, Phillip K. 
Cc:	Nelson, Kourtney
Subject:	RE: 


Phillip:

The target for end of October is 1283.  We're not sure what's driving the day to day variation.  Direct effects of recent precipitation

Subject: RE: Check this out -
I like the cedar t-111 version better.   Why don't you tell this shop teacher not to be to comfortable and that you will be taking his job in two years. 

 -----Original Message-----
From: 	Richter, Jeff  
Sent:	Tuesday, October 23, 2001 7:45 AM
To:	Allen, Phillip K.",,
RS34yfaDYFDtainKP4jw,functionalReqs,FR-001: The system shall provide Tracy Ramsey's direct phone number as (713)-646-8311.,1,email,['7iSynJFGOZxRchoQk67m'],SUPPORTS,Auto-annotated with 1 source(s) from Firestore,"Please feel free to contact Tracy 
Ramsey directly at #(713)-646-8311 with any further questions regarding 
Enron's buy side relationship  with Continental.    Ramsey is th

Subject: Hewlett Packard/Enron Conference call regarding STORAGE SERVICES 12/7 at 10 AM CST CANCELLED
Conference call participants:

At Ravi Thuraisingham's request due to an unanticipated business trip, the 
conference call regarding storage initiatives set for 12/7 at 10 AM CST has 
been cancelled.   As soon as Ravi proposes an alternative time, we will 
reschedule the conference call. 

Sarah-Joy H

Subject: Re: broadband solutions architect _hurray! 
Jennifer:

Hope the London trip is going well!   Thanks for the suggestion below which 
was perfect.   Mr.",,
RS34yfaDYFDtainKP4jw,functionalReqs,FR-002: The system shall provide information regarding Enron's buy side relationship with Continental.,1,email,['7iSynJFGOZxRchoQk67m'],SUPPORTS,Auto-annotated with 1 source(s) from Firestore,"Please feel free to contact Tracy 
Ramsey directly at #(713)-646-8311 with any further questions regarding 
Enron's buy side relationship  with Continental.    Ramsey is th

Subject: Hewlett Packard/Enron Conference call regarding STORAGE SERVICES 12/7 at 10 AM CST CANCELLED
Conference call participants:

At Ravi Thuraisingham's request due to an unanticipated business trip, the 
conference call regarding storage initiatives set for 12/7 at 10 AM CST has 
been cancelled.   As soon as Ravi proposes an alternative time, we will 
reschedule the conference call. 

Sarah-Joy H

Subject: Re: broadband solutions architect _hurray! 
Jennifer:

Hope the London trip is going well!   Thanks for the suggestion below which 
was perfect.   Mr.",,
RS34yfaDYFDtainKP4jw,functionalReqs,FR-003: The system shall record the cancellation of the Hewlett Packard/Enron conference call regarding STORAGE SERVICES.,1,email,['7iSynJFGOZxRchoQk67m'],SUPPORTS,Auto-annotated with 1 source(s) from Firestore,"Please feel free to contact Tracy 
Ramsey directly at #(713)-646-8311 with any further questions regarding 
Enron's buy side relationship  with Continental.    Ramsey is th

Subject: Hewlett Packard/Enron Conference call regarding STORAGE SERVICES 12/7 at 10 AM CST CANCELLED
Conference call participants:

At Ravi Thuraisingham's request due to an unanticipated business trip, the 
conference call regarding storage initiatives set for 12/7 at 10 AM CST has 
been cancelled.   As soon as Ravi proposes an alternative time, we will 
reschedule the conference call. 

Sarah-Joy H

Subject: Re: broadband solutions architect _hurray! 
Jennifer:

Hope the London trip is going well!   Thanks for the suggestion below which 
was perfect.   Mr.",,
RS34yfaDYFDtainKP4jw,functionalReqs,FR-004: The system shall record the scheduled date of the cancelled Hewlett Packard/Enron conference call as 12/7.,1,email,['7iSynJFGOZxRchoQk67m'],SUPPORTS,Auto-annotated with 1 source(s) from Firestore,"Please feel free to contact Tracy 
Ramsey directly at #(713)-646-8311 with any further questions regarding 
Enron's buy side relationship  with Continental.    Ramsey is th

Subject: Hewlett Packard/Enron Conference call regarding STORAGE SERVICES 12/7 at 10 AM CST CANCELLED
Conference call participants:

At Ravi Thuraisingham's request due to an unanticipated business trip, the 
conference call regarding storage initiatives set for 12/7 at 10 AM CST has 
been cancelled.   As soon as Ravi proposes an alternative time, we will 
reschedule the conference call. 

Sarah-Joy H

Subject: Re: broadband solutions architect _hurray! 
Jennifer:

Hope the London trip is going well!   Thanks for the suggestion below which 
was perfect.   Mr.",,
RS34yfaDYFDtainKP4jw,functionalReqs,FR-005: The system shall record the scheduled time of the cancelled Hewlett Packard/Enron conference call as 10 AM CST.,1,email,['7iSynJFGOZxRchoQk67m'],SUPPORTS,Auto-annotated with 1 source(s) from Firestore,"Please feel free to contact Tracy 
Ramsey directly at #(713)-646-8311 with any further questions regarding 
Enron's buy side relationship  with Continental.    Ramsey is th

Subject: Hewlett Packard/Enron Conference call regarding STORAGE SERVICES 12/7 at 10 AM CST CANCELLED
Conference call participants:

At Ravi Thuraisingham's request due to an unanticipated business trip, the 
conference call regarding storage initiatives set for 12/7 at 10 AM CST has 
been cancelled.   As soon as Ravi proposes an alternative time, we will 
reschedule the conference call. 

Sarah-Joy H

Subject: Re: broadband solutions architect _hurray! 
Jennifer:

Hope the London trip is going well!   Thanks for the suggestion below which 
was perfect.   Mr.",,
RS34yfaDYFDtainKP4jw,functionalReqs,FR-006: The system shall identify Ravi Thuraisingham as the requestor for the cancellation of the conference call regarding storage initiatives.,1,email,['7iSynJFGOZxRchoQk67m'],SUPPORTS,Auto-annotated with 1 source(s) from Firestore,"Please feel free to contact Tracy 
Ramsey directly at #(713)-646-8311 with any further questions regarding 
Enron's buy side relationship  with Continental.    Ramsey is th

Subject: Hewlett Packard/Enron Conference call regarding STORAGE SERVICES 12/7 at 10 AM CST CANCELLED
Conference call participants:

At Ravi Thuraisingham's request due to an unanticipated business trip, the 
conference call regarding storage initiatives set for 12/7 at 10 AM CST has 
been cancelled.   As soon as Ravi proposes an alternative time, we will 
reschedule the conference call. 

Sarah-Joy H

Subject: Re: broadband solutions architect _hurray! 
Jennifer:

Hope the London trip is going well!   Thanks for the suggestion below which 
was perfect.   Mr.",,
RS34yfaDYFDtainKP4jw,functionalReqs,"FR-007: The system shall record ""unanticipated business trip"" as the reason for the cancellation of the conference call regarding storage initiatives.",1,email,['7iSynJFGOZxRchoQk67m'],SUPPORTS,Auto-annotated with 1 source(s) from Firestore,"Please feel free to contact Tracy 
Ramsey directly at #(713)-646-8311 with any further questions regarding 
Enron's buy side relationship  with Continental.    Ramsey is th

Subject: Hewlett Packard/Enron Conference call regarding STORAGE SERVICES 12/7 at 10 AM CST CANCELLED
Conference call participants:

At Ravi Thuraisingham's request due to an unanticipated business trip, the 
conference call regarding storage initiatives set for 12/7 at 10 AM CST has 
been cancelled.   As soon as Ravi proposes an alternative time, we will 
reschedule the conference call. 

Sarah-Joy H

Subject: Re: broadband solutions architect _hurray! 
Jennifer:

Hope the London trip is going well!   Thanks for the suggestion below which 
was perfect.   Mr.",,
RS34yfaDYFDtainKP4jw,functionalReqs,FR-008: The system shall track John Pattillo's decision regarding the approach to FEDEX with an Enron counteroffer.,1,email,['IpE8hmH6KMwNZi7CO6LL'],SUPPORTS,Auto-annotated with 1 source(s) from Firestore,"Per our conversation yesterday, you had noted that John Pattillo would be 
getting back to you with his decision as to how he would approach FEDEX with 
an Enron counteroffer.    Any news on this?   

Also, thanks for leaving voicemail/e-mail messages to keep me in the loop 
rega

Subject: FW: FW: Fedex and other cross sells UPDATE
Jennifer:

If you are referring to the Wireless call, I was on the call and actively 
participated with Peter G.   I had the agenda discussion items and  guided the 
conversation.  The call was brief and enabled HP and Peter G.  to discuss 
wireless initiatives briefly.  Then Peter G.  literally read fro

Subject: Continental/Enron meeting, December 11th, 2-3 PM
Mr.",,
RS34yfaDYFDtainKP4jw,functionalReqs,FR-009: The system shall provide a mechanism for users to inquire about the status of John Pattillo's decision.,1,email,['IpE8hmH6KMwNZi7CO6LL'],SUPPORTS,Auto-annotated with 1 source(s) from Firestore,"Per our conversation yesterday, you had noted that John Pattillo would be 
getting back to you with his decision as to how he would approach FEDEX with 
an Enron counteroffer.    Any news on this?   

Also, thanks for leaving voicemail/e-mail messages to keep me in the loop 
rega

Subject: FW: FW: Fedex and other cross sells UPDATE
Jennifer:

If you are referring to the Wireless call, I was on the call and actively 
participated with Peter G.   I had the agenda discussion items and  guided the 
conversation.  The call was brief and enabled HP and Peter G.  to discuss 
wireless initiatives briefly.  Then Peter G.  literally read fro

Subject: Continental/Enron meeting, December 11th, 2-3 PM
Mr.",,
RS34yfaDYFDtainKP4jw,functionalReqs,FR-010: The system shall record incoming voicemail messages.,1,email,['IpE8hmH6KMwNZi7CO6LL'],SUPPORTS,Auto-annotated with 1 source(s) from Firestore,"Per our conversation yesterday, you had noted that John Pattillo would be 
getting back to you with his decision as to how he would approach FEDEX with 
an Enron counteroffer.    Any news on this?   

Also, thanks for leaving voicemail/e-mail messages to keep me in the loop 
rega

Subject: FW: FW: Fedex and other cross sells UPDATE
Jennifer:

If you are referring to the Wireless call, I was on the call and actively 
participated with Peter G.   I had the agenda discussion items and  guided the 
conversation.  The call was brief and enabled HP and Peter G.  to discuss 
wireless initiatives briefly.  Then Peter G.  literally read fro

Subject: Continental/Enron meeting, December 11th, 2-3 PM
Mr.",,
RS34yfaDYFDtainKP4jw,functionalReqs,FR-011: The system shall record incoming e-mail messages.,1,email,['IpE8hmH6KMwNZi7CO6LL'],DOES_NOT_SUPPORT,Auto-annotated with 1 source(s) from Firestore,"Per our conversation yesterday, you had noted that John Pattillo would be 
getting back to you with his decision as to how he would approach FEDEX with 
an Enron counteroffer.    Any news on this?   

Also, thanks for leaving voicemail/e-mail messages to keep me in the loop 
rega

Subject: FW: FW: Fedex and other cross sells UPDATE
Jennifer:

If you are referring to the Wireless call, I was on the call and actively 
participated with Peter G.   I had the agenda discussion items and  guided the 
conversation.  The call was brief and enabled HP and Peter G.  to discuss 
wireless initiatives briefly.  Then Peter G.  literally read fro

Subject: Continental/Enron meeting, December 11th, 2-3 PM
Mr.",,
RS34yfaDYFDtainKP4jw,functionalReqs,"FR-012: The system shall categorize communications related to ""Fedex and other cross sells"" as ""UPDATE"".",1,email,['IpE8hmH6KMwNZi7CO6LL'],SUPPORTS,Auto-annotated with 1 source(s) from Firestore,"Per our conversation yesterday, you had noted that John Pattillo would be 
getting back to you with his decision as to how he would approach FEDEX with 
an Enron counteroffer.    Any news on this?   

Also, thanks for leaving voicemail/e-mail messages to keep me in the loop 
rega

Subject: FW: FW: Fedex and other cross sells UPDATE
Jennifer:

If you are referring to the Wireless call, I was on the call and actively 
participated with Peter G.   I had the agenda discussion items and  guided the 
conversation.  The call was brief and enabled HP and Peter G.  to discuss 
wireless initiatives briefly.  Then Peter G.  literally read fro

Subject: Continental/Enron meeting, December 11th, 2-3 PM
Mr.",,
RS34yfaDYFDtainKP4jw,functionalReqs,"FR-013: The system shall record participant presence for specific calls, such as the Wireless call.",1,email,['IpE8hmH6KMwNZi7CO6LL'],PARTIALLY,Auto-annotated with 1 source(s) from Firestore,"Per our conversation yesterday, you had noted that John Pattillo would be 
getting back to you with his decision as to how he would approach FEDEX with 
an Enron counteroffer.    Any news on this?   

Also, thanks for leaving voicemail/e-mail messages to keep me in the loop 
rega

Subject: FW: FW: Fedex and other cross sells UPDATE
Jennifer:

If you are referring to the Wireless call, I was on the call and actively 
participated with Peter G.   I had the agenda discussion items and  guided the 
conversation.  The call was brief and enabled HP and Peter G.  to discuss 
wireless initiatives briefly.  Then Peter G.  literally read fro

Subject: Continental/Enron meeting, December 11th, 2-3 PM
Mr.",,
RS34yfaDYFDtainKP4jw,functionalReqs,"FR-014: The system shall record active participation of individuals, such as Peter G., on specific calls.",1,email,['IpE8hmH6KMwNZi7CO6LL'],SUPPORTS,Auto-annotated with 1 source(s) from Firestore,"Per our conversation yesterday, you had noted that John Pattillo would be 
getting back to you with his decision as to how he would approach FEDEX with 
an Enron counteroffer.    Any news on this?   

Also, thanks for leaving voicemail/e-mail messages to keep me in the loop 
rega

Subject: FW: FW: Fedex and other cross sells UPDATE
Jennifer:

If you are referring to the Wireless call, I was on the call and actively 
participated with Peter G.   I had the agenda discussion items and  guided the 
conversation.  The call was brief and enabled HP and Peter G.  to discuss 
wireless initiatives briefly.  Then Peter G.  literally read fro

Subject: Continental/Enron meeting, December 11th, 2-3 PM
Mr.",,
RS34yfaDYFDtainKP4jw,functionalReqs,FR-015: The system shall manage and store agenda discussion items for conference calls.,1,email,['IpE8hmH6KMwNZi7CO6LL'],SUPPORTS,Auto-annotated with 1 source(s) from Firestore,"Per our conversation yesterday, you had noted that John Pattillo would be 
getting back to you with his decision as to how he would approach FEDEX with 
an Enron counteroffer.    Any news on this?   

Also, thanks for leaving voicemail/e-mail messages to keep me in the loop 
rega

Subject: FW: FW: Fedex and other cross sells UPDATE
Jennifer:

If you are referring to the Wireless call, I was on the call and actively 
participated with Peter G.   I had the agenda discussion items and  guided the 
conversation.  The call was brief and enabled HP and Peter G.  to discuss 
wireless initiatives briefly.  Then Peter G.  literally read fro

Subject: Continental/Enron meeting, December 11th, 2-3 PM
Mr.",,
RS34yfaDYFDtainKP4jw,nfrReqs,NFR-001: [Availability] - The system shall provide accessible STORAGE SERVICES.,1,email,['7iSynJFGOZxRchoQk67m'],SUPPORTS,Auto-annotated with 1 source(s) from Firestore,"Please feel free to contact Tracy 
Ramsey directly at #(713)-646-8311 with any further questions regarding 
Enron's buy side relationship  with Continental.    Ramsey is th

Subject: Hewlett Packard/Enron Conference call regarding STORAGE SERVICES 12/7 at 10 AM CST CANCELLED
Conference call participants:

At Ravi Thuraisingham's request due to an unanticipated business trip, the 
conference call regarding storage initiatives set for 12/7 at 10 AM CST has 
been cancelled.   As soon as Ravi proposes an alternative time, we will 
reschedule the conference call. 

Sarah-Joy H

Subject: Re: broadband solutions architect _hurray! 
Jennifer:

Hope the London trip is going well!   Thanks for the suggestion below which 
was perfect.   Mr.",,
RS34yfaDYFDtainKP4jw,nfrReqs,NFR-002: [Performance] - The system shall ensure the performance of STORAGE SERVICES.,1,email,['7iSynJFGOZxRchoQk67m'],SUPPORTS,Auto-annotated with 1 source(s) from Firestore,"Please feel free to contact Tracy 
Ramsey directly at #(713)-646-8311 with any further questions regarding 
Enron's buy side relationship  with Continental.    Ramsey is th

Subject: Hewlett Packard/Enron Conference call regarding STORAGE SERVICES 12/7 at 10 AM CST CANCELLED
Conference call participants:

At Ravi Thuraisingham's request due to an unanticipated business trip, the 
conference call regarding storage initiatives set for 12/7 at 10 AM CST has 
been cancelled.   As soon as Ravi proposes an alternative time, we will 
reschedule the conference call. 

Sarah-Joy H

Subject: Re: broadband solutions architect _hurray! 
Jennifer:

Hope the London trip is going well!   Thanks for the suggestion below which 
was perfect.   Mr.",,
RS34yfaDYFDtainKP4jw,nfrReqs,NFR-003: [Scalability] - The system shall support the scalability of STORAGE SERVICES.,1,email,['7iSynJFGOZxRchoQk67m'],PARTIALLY,Auto-annotated with 1 source(s) from Firestore,"Please feel free to contact Tracy 
Ramsey directly at #(713)-646-8311 with any further questions regarding 
Enron's buy side relationship  with Continental.    Ramsey is th

Subject: Hewlett Packard/Enron Conference call regarding STORAGE SERVICES 12/7 at 10 AM CST CANCELLED
Conference call participants:

At Ravi Thuraisingham's request due to an unanticipated business trip, the 
conference call regarding storage initiatives set for 12/7 at 10 AM CST has 
been cancelled.   As soon as Ravi proposes an alternative time, we will 
reschedule the conference call. 

Sarah-Joy H

Subject: Re: broadband solutions architect _hurray! 
Jennifer:

Hope the London trip is going well!   Thanks for the suggestion below which 
was perfect.   Mr.",,
RS34yfaDYFDtainKP4jw,nfrReqs,NFR-004: [Security] - The system shall secure data stored within STORAGE SERVICES.,1,email,['7iSynJFGOZxRchoQk67m'],DOES_NOT_SUPPORT,Auto-annotated with 1 source(s) from Firestore,"Please feel free to contact Tracy 
Ramsey directly at #(713)-646-8311 with any further questions regarding 
Enron's buy side relationship  with Continental.    Ramsey is th

Subject: Hewlett Packard/Enron Conference call regarding STORAGE SERVICES 12/7 at 10 AM CST CANCELLED
Conference call participants:

At Ravi Thuraisingham's request due to an unanticipated business trip, the 
conference call regarding storage initiatives set for 12/7 at 10 AM CST has 
been cancelled.   As soon as Ravi proposes an alternative time, we will 
reschedule the conference call. 

Sarah-Joy H

Subject: Re: broadband solutions architect _hurray! 
Jennifer:

Hope the London trip is going well!   Thanks for the suggestion below which 
was perfect.   Mr.",,
RS34yfaDYFDtainKP4jw,nfrReqs,NFR-005: [Availability] - The system shall reliably deliver voicemail/e-mail messages.,1,email,['IpE8hmH6KMwNZi7CO6LL'],DOES_NOT_SUPPORT,Auto-annotated with 1 source(s) from Firestore,"Per our conversation yesterday, you had noted that John Pattillo would be 
getting back to you with his decision as to how he would approach FEDEX with 
an Enron counteroffer.    Any news on this?   

Also, thanks for leaving voicemail/e-mail messages to keep me in the loop 
rega

Subject: FW: FW: Fedex and other cross sells UPDATE
Jennifer:

If you are referring to the Wireless call, I was on the call and actively 
participated with Peter G.   I had the agenda discussion items and  guided the 
conversation.  The call was brief and enabled HP and Peter G.  to discuss 
wireless initiatives briefly.  Then Peter G.  literally read fro

Subject: Continental/Enron meeting, December 11th, 2-3 PM
Mr.",,
RS34yfaDYFDtainKP4jw,nfrReqs,NFR-006: [Usability] - The system shall enable users to leave voicemail/e-mail messages.,1,email,['IpE8hmH6KMwNZi7CO6LL'],SUPPORTS,Auto-annotated with 1 source(s) from Firestore,"Per our conversation yesterday, you had noted that John Pattillo would be 
getting back to you with his decision as to how he would approach FEDEX with 
an Enron counteroffer.    Any news on this?   

Also, thanks for leaving voicemail/e-mail messages to keep me in the loop 
rega

Subject: FW: FW: Fedex and other cross sells UPDATE
Jennifer:

If you are referring to the Wireless call, I was on the call and actively 
participated with Peter G.   I had the agenda discussion items and  guided the 
conversation.  The call was brief and enabled HP and Peter G.  to discuss 
wireless initiatives briefly.  Then Peter G.  literally read fro

Subject: Continental/Enron meeting, December 11th, 2-3 PM
Mr.",,
RS34yfaDYFDtainKP4jw,nfrReqs,NFR-007: [Security] - The system shall maintain the integrity of data within STORAGE SERVICES.,1,email,['7iSynJFGOZxRchoQk67m'],DOES_NOT_SUPPORT,Auto-annotated with 1 source(s) from Firestore,"Please feel free to contact Tracy 
Ramsey directly at #(713)-646-8311 with any further questions regarding 
Enron's buy side relationship  with Continental.    Ramsey is th

Subject: Hewlett Packard/Enron Conference call regarding STORAGE SERVICES 12/7 at 10 AM CST CANCELLED
Conference call participants:

At Ravi Thuraisingham's request due to an unanticipated business trip, the 
conference call regarding storage initiatives set for 12/7 at 10 AM CST has 
been cancelled.   As soon as Ravi proposes an alternative time, we will 
reschedule the conference call. 

Sarah-Joy H

Subject: Re: broadband solutions architect _hurray! 
Jennifer:

Hope the London trip is going well!   Thanks for the suggestion below which 
was perfect.   Mr.",,
RS34yfaDYFDtainKP4jw,nfrReqs,NFR-008: [Usability] - The system shall provide messaging mechanisms to keep users informed.,1,email,['IpE8hmH6KMwNZi7CO6LL'],SUPPORTS,Auto-annotated with 1 source(s) from Firestore,"Per our conversation yesterday, you had noted that John Pattillo would be 
getting back to you with his decision as to how he would approach FEDEX with 
an Enron counteroffer.    Any news on this?   

Also, thanks for leaving voicemail/e-mail messages to keep me in the loop 
rega

Subject: FW: FW: Fedex and other cross sells UPDATE
Jennifer:

If you are referring to the Wireless call, I was on the call and actively 
participated with Peter G.   I had the agenda discussion items and  guided the 
conversation.  The call was brief and enabled HP and Peter G.  to discuss 
wireless initiatives briefly.  Then Peter G.  literally read fro

Subject: Continental/Enron meeting, December 11th, 2-3 PM
Mr.",,
C6oJMk95v0KXFNQaXcX4,functionalReqs,"FR-001: The system shall process actions initiated by ""ClickAtHome"".",1,email,['ubKE4kZB5ihhlsAcFyxJ'],PARTIALLY,Auto-annotated with 1 source(s) from Firestore,"ClickAtHome - Enron has suspen

Subject: Fire Drill Scheduled
As required by the Houston Fire Department, a fire drill has been scheduled for the Enron Center Campus. 


	Enron Center North, 1400 Smith St. , approximately  3:15 PM on Thursday, December 20th, 2001

	Enron Center South, 1500 Louisiana St. , approximately 3:45 PM on Thursday, December 20th, 2001

Pl

Subject: Lexis-Nexis Training: Houston & Worldwide / Dow Jones Training

eSource Presents Lexis-Nexis Training

Basic

Lexis-Nexis Basic is geared to the novice or prospective user.   You will learn the basics of getting around Nexis. com.  
 We will talk about news and company information available on Lexis-Nexis.",,
C6oJMk95v0KXFNQaXcX4,functionalReqs,FR-002: The system shall schedule fire drills for the Enron Center Campus.,1,email,['ubKE4kZB5ihhlsAcFyxJ'],SUPPORTS,Auto-annotated with 1 source(s) from Firestore,"ClickAtHome - Enron has suspen

Subject: Fire Drill Scheduled
As required by the Houston Fire Department, a fire drill has been scheduled for the Enron Center Campus. 


	Enron Center North, 1400 Smith St. , approximately  3:15 PM on Thursday, December 20th, 2001

	Enron Center South, 1500 Louisiana St. , approximately 3:45 PM on Thursday, December 20th, 2001

Pl

Subject: Lexis-Nexis Training: Houston & Worldwide / Dow Jones Training

eSource Presents Lexis-Nexis Training

Basic

Lexis-Nexis Basic is geared to the novice or prospective user.   You will learn the basics of getting around Nexis. com.  
 We will talk about news and company information available on Lexis-Nexis.",,
C6oJMk95v0KXFNQaXcX4,functionalReqs,FR-003: The system shall record specific building locations for fire drills.,1,email,['ubKE4kZB5ihhlsAcFyxJ'],SUPPORTS,Auto-annotated with 1 source(s) from Firestore,"ClickAtHome - Enron has suspen

Subject: Fire Drill Scheduled
As required by the Houston Fire Department, a fire drill has been scheduled for the Enron Center Campus. 


	Enron Center North, 1400 Smith St. , approximately  3:15 PM on Thursday, December 20th, 2001

	Enron Center South, 1500 Louisiana St. , approximately 3:45 PM on Thursday, December 20th, 2001

Pl

Subject: Lexis-Nexis Training: Houston & Worldwide / Dow Jones Training

eSource Presents Lexis-Nexis Training

Basic

Lexis-Nexis Basic is geared to the novice or prospective user.   You will learn the basics of getting around Nexis. com.  
 We will talk about news and company information available on Lexis-Nexis.",,
C6oJMk95v0KXFNQaXcX4,functionalReqs,FR-004: The system shall record specific times for scheduled fire drills.,1,email,['ubKE4kZB5ihhlsAcFyxJ'],SUPPORTS,Auto-annotated with 1 source(s) from Firestore,"ClickAtHome - Enron has suspen

Subject: Fire Drill Scheduled
As required by the Houston Fire Department, a fire drill has been scheduled for the Enron Center Campus. 


	Enron Center North, 1400 Smith St. , approximately  3:15 PM on Thursday, December 20th, 2001

	Enron Center South, 1500 Louisiana St. , approximately 3:45 PM on Thursday, December 20th, 2001

Pl

Subject: Lexis-Nexis Training: Houston & Worldwide / Dow Jones Training

eSource Presents Lexis-Nexis Training

Basic

Lexis-Nexis Basic is geared to the novice or prospective user.   You will learn the basics of getting around Nexis. com.  
 We will talk about news and company information available on Lexis-Nexis.",,
C6oJMk95v0KXFNQaXcX4,functionalReqs,FR-005: The system shall record specific dates for scheduled fire drills.,1,email,['ubKE4kZB5ihhlsAcFyxJ'],SUPPORTS,Auto-annotated with 1 source(s) from Firestore,"ClickAtHome - Enron has suspen

Subject: Fire Drill Scheduled
As required by the Houston Fire Department, a fire drill has been scheduled for the Enron Center Campus. 


	Enron Center North, 1400 Smith St. , approximately  3:15 PM on Thursday, December 20th, 2001

	Enron Center South, 1500 Louisiana St. , approximately 3:45 PM on Thursday, December 20th, 2001

Pl

Subject: Lexis-Nexis Training: Houston & Worldwide / Dow Jones Training

eSource Presents Lexis-Nexis Training

Basic

Lexis-Nexis Basic is geared to the novice or prospective user.   You will learn the basics of getting around Nexis. com.  
 We will talk about news and company information available on Lexis-Nexis.",,
C6oJMk95v0KXFNQaXcX4,functionalReqs,FR-006: The system shall present Lexis-Nexis training information.,1,email,['ubKE4kZB5ihhlsAcFyxJ'],SUPPORTS,Auto-annotated with 1 source(s) from Firestore,"ClickAtHome - Enron has suspen

Subject: Fire Drill Scheduled
As required by the Houston Fire Department, a fire drill has been scheduled for the Enron Center Campus. 


	Enron Center North, 1400 Smith St. , approximately  3:15 PM on Thursday, December 20th, 2001

	Enron Center South, 1500 Louisiana St. , approximately 3:45 PM on Thursday, December 20th, 2001

Pl

Subject: Lexis-Nexis Training: Houston & Worldwide / Dow Jones Training

eSource Presents Lexis-Nexis Training

Basic

Lexis-Nexis Basic is geared to the novice or prospective user.   You will learn the basics of getting around Nexis. com.  
 We will talk about news and company information available on Lexis-Nexis.",,
C6oJMk95v0KXFNQaXcX4,functionalReqs,FR-007: The system shall present Dow Jones training information.,1,email,['ubKE4kZB5ihhlsAcFyxJ'],SUPPORTS,Auto-annotated with 1 source(s) from Firestore,"ClickAtHome - Enron has suspen

Subject: Fire Drill Scheduled
As required by the Houston Fire Department, a fire drill has been scheduled for the Enron Center Campus. 


	Enron Center North, 1400 Smith St. , approximately  3:15 PM on Thursday, December 20th, 2001

	Enron Center South, 1500 Louisiana St. , approximately 3:45 PM on Thursday, December 20th, 2001

Pl

Subject: Lexis-Nexis Training: Houston & Worldwide / Dow Jones Training

eSource Presents Lexis-Nexis Training

Basic

Lexis-Nexis Basic is geared to the novice or prospective user.   You will learn the basics of getting around Nexis. com.  
 We will talk about news and company information available on Lexis-Nexis.",,
C6oJMk95v0KXFNQaXcX4,functionalReqs,FR-008: The system shall manage supported Internet Email Addresses.,1,email,['FJNGzXveTMaC7ywH6AFN'],SUPPORTS,Auto-annotated with 1 source(s) from Firestore,"Enron Emails - no. address@enron. com

Subject: UPDATE - Supported Internet Email Addresses

Earlier this week, Enron Global Technology announced the plan to decommission the use of all non-standard Internet Email address formats.",,
C6oJMk95v0KXFNQaXcX4,functionalReqs,FR-009: The system shall decommission the use of all non-standard Internet Email address formats.,1,email,['FJNGzXveTMaC7ywH6AFN'],SUPPORTS,Auto-annotated with 1 source(s) from Firestore,"Enron Emails - no. address@enron. com

Subject: UPDATE - Supported Internet Email Addresses

Earlier this week, Enron Global Technology announced the plan to decommission the use of all non-standard Internet Email address formats.",,
C6oJMk95v0KXFNQaXcX4,functionalReqs,FR-010: The system shall communicate important messages to all domestic employees.,1,email,['KfOIypbKOtwcxCOPq2EL'],SUPPORTS,Auto-annotated with 1 source(s) from Firestore,"Enron has employed counsel and they will represent Enron and its interests in the litigation. 

Under the Private Securities Litigation 

Subject: IMPORTANT-To All Domestic Employees who Participate in the Enron Corp Savings Plan

If you are a participant in the Enron Corp.  Savings Plan, please read this very important message. 

We understand that you are concerned about the timing of the move to a new Savings Plan administrator and the restricted access to your investment funds during the upcoming transition period schedule

Subject: Upcoming Wellness Activities

CPR and First Aid Certification
CPR and First Aid certification is being offered on Thursday, November 15, 2001, from 1:30 p. m.  - 5:30 p. m.  in the Body Shop, Studio B.",,
C6oJMk95v0KXFNQaXcX4,functionalReqs,FR-013: The system shall manage the transition to a new Savings Plan administrator.,1,email,['KfOIypbKOtwcxCOPq2EL'],SUPPORTS,Auto-annotated with 1 source(s) from Firestore,"Enron has employed counsel and they will represent Enron and its interests in the litigation. 

Under the Private Securities Litigation 

Subject: IMPORTANT-To All Domestic Employees who Participate in the Enron Corp Savings Plan

If you are a participant in the Enron Corp.  Savings Plan, please read this very important message. 

We understand that you are concerned about the timing of the move to a new Savings Plan administrator and the restricted access to your investment funds during the upcoming transition period schedule

Subject: Upcoming Wellness Activities

CPR and First Aid Certification
CPR and First Aid certification is being offered on Thursday, November 15, 2001, from 1:30 p. m.  - 5:30 p. m.  in the Body Shop, Studio B.",,
C6oJMk95v0KXFNQaXcX4,functionalReqs,FR-014: The system shall control access to investment funds.,1,email,['KfOIypbKOtwcxCOPq2EL'],SUPPORTS,Auto-annotated with 1 source(s) from Firestore,"Enron has employed counsel and they will represent Enron and its interests in the litigation. 

Under the Private Securities Litigation 

Subject: IMPORTANT-To All Domestic Employees who Participate in the Enron Corp Savings Plan

If you are a participant in the Enron Corp.  Savings Plan, please read this very important message. 

We understand that you are concerned about the timing of the move to a new Savings Plan administrator and the restricted access to your investment funds during the upcoming transition period schedule

Subject: Upcoming Wellness Activities

CPR and First Aid Certification
CPR and First Aid certification is being offered on Thursday, November 15, 2001, from 1:30 p. m.  - 5:30 p. m.  in the Body Shop, Studio B.",,
C6oJMk95v0KXFNQaXcX4,functionalReqs,FR-015: The system shall manage employee investment funds within the Savings Plan.,1,email,['KfOIypbKOtwcxCOPq2EL'],SUPPORTS,Auto-annotated with 1 source(s) from Firestore,"Enron has employed counsel and they will represent Enron and its interests in the litigation. 

Under the Private Securities Litigation 

Subject: IMPORTANT-To All Domestic Employees who Participate in the Enron Corp Savings Plan

If you are a participant in the Enron Corp.  Savings Plan, please read this very important message. 

We understand that you are concerned about the timing of the move to a new Savings Plan administrator and the restricted access to your investment funds during the upcoming transition period schedule

Subject: Upcoming Wellness Activities

CPR and First Aid Certification
CPR and First Aid certification is being offered on Thursday, November 15, 2001, from 1:30 p. m.  - 5:30 p. m.  in the Body Shop, Studio B.",,
C6oJMk95v0KXFNQaXcX4,nfrReqs,NFR-001: [Compliance] - The system shall comply with requirements set by the Houston Fire Department for campus safety.,1,email,['ubKE4kZB5ihhlsAcFyxJ'],SUPPORTS,Auto-annotated with 1 source(s) from Firestore,"ClickAtHome - Enron has suspen

Subject: Fire Drill Scheduled
As required by the Houston Fire Department, a fire drill has been scheduled for the Enron Center Campus. 


	Enron Center North, 1400 Smith St. , approximately  3:15 PM on Thursday, December 20th, 2001

	Enron Center South, 1500 Louisiana St. , approximately 3:45 PM on Thursday, December 20th, 2001

Pl

Subject: Lexis-Nexis Training: Houston & Worldwide / Dow Jones Training

eSource Presents Lexis-Nexis Training

Basic

Lexis-Nexis Basic is geared to the novice or prospective user.   You will learn the basics of getting around Nexis. com.  
 We will talk about news and company information available on Lexis-Nexis.",,
C6oJMk95v0KXFNQaXcX4,nfrReqs,NFR-002: [Usability] - The system shall accurately schedule and communicate time-sensitive events.,1,email,['ubKE4kZB5ihhlsAcFyxJ'],SUPPORTS,Auto-annotated with 1 source(s) from Firestore,"ClickAtHome - Enron has suspen

Subject: Fire Drill Scheduled
As required by the Houston Fire Department, a fire drill has been scheduled for the Enron Center Campus. 


	Enron Center North, 1400 Smith St. , approximately  3:15 PM on Thursday, December 20th, 2001

	Enron Center South, 1500 Louisiana St. , approximately 3:45 PM on Thursday, December 20th, 2001

Pl

Subject: Lexis-Nexis Training: Houston & Worldwide / Dow Jones Training

eSource Presents Lexis-Nexis Training

Basic

Lexis-Nexis Basic is geared to the novice or prospective user.   You will learn the basics of getting around Nexis. com.  
 We will talk about news and company information available on Lexis-Nexis.",,
C6oJMk95v0KXFNQaXcX4,nfrReqs,NFR-003: [Scalability] - The system shall support global distribution and access for training programs.,1,email,['ubKE4kZB5ihhlsAcFyxJ'],SUPPORTS,Auto-annotated with 1 source(s) from Firestore,"ClickAtHome - Enron has suspen

Subject: Fire Drill Scheduled
As required by the Houston Fire Department, a fire drill has been scheduled for the Enron Center Campus. 


	Enron Center North, 1400 Smith St. , approximately  3:15 PM on Thursday, December 20th, 2001

	Enron Center South, 1500 Louisiana St. , approximately 3:45 PM on Thursday, December 20th, 2001

Pl

Subject: Lexis-Nexis Training: Houston & Worldwide / Dow Jones Training

eSource Presents Lexis-Nexis Training

Basic

Lexis-Nexis Basic is geared to the novice or prospective user.   You will learn the basics of getting around Nexis. com.  
 We will talk about news and company information available on Lexis-Nexis.",,
C6oJMk95v0KXFNQaXcX4,nfrReqs,NFR-004: [Security] - The system shall enforce the use of standard Internet email address formats.,1,email,['FJNGzXveTMaC7ywH6AFN'],SUPPORTS,Auto-annotated with 1 source(s) from Firestore,"Enron Emails - no. address@enron. com

Subject: UPDATE - Supported Internet Email Addresses

Earlier this week, Enron Global Technology announced the plan to decommission the use of all non-standard Internet Email address formats.",,
C6oJMk95v0KXFNQaXcX4,nfrReqs,NFR-005: [Compliance] - The system shall support the organization's legal representation requirements in litigation.,1,email,['KfOIypbKOtwcxCOPq2EL'],SUPPORTS,Auto-annotated with 1 source(s) from Firestore,"Enron has employed counsel and they will represent Enron and its interests in the litigation. 

Under the Private Securities Litigation 

Subject: IMPORTANT-To All Domestic Employees who Participate in the Enron Corp Savings Plan

If you are a participant in the Enron Corp.  Savings Plan, please read this very important message. 

We understand that you are concerned about the timing of the move to a new Savings Plan administrator and the restricted access to your investment funds during the upcoming transition period schedule

Subject: Upcoming Wellness Activities

CPR and First Aid Certification
CPR and First Aid certification is being offered on Thursday, November 15, 2001, from 1:30 p. m.  - 5:30 p. m.  in the Body Shop, Studio B.",,
C6oJMk95v0KXFNQaXcX4,nfrReqs,NFR-006: [Availability] - The system shall ensure uninterrupted access to investment funds during transitions between financial plan administrators.,1,email,['KfOIypbKOtwcxCOPq2EL'],SUPPORTS,Auto-annotated with 1 source(s) from Firestore,"Enron has employed counsel and they will represent Enron and its interests in the litigation. 

Under the Private Securities Litigation 

Subject: IMPORTANT-To All Domestic Employees who Participate in the Enron Corp Savings Plan

If you are a participant in the Enron Corp.  Savings Plan, please read this very important message. 

We understand that you are concerned about the timing of the move to a new Savings Plan administrator and the restricted access to your investment funds during the upcoming transition period schedule

Subject: Upcoming Wellness Activities

CPR and First Aid Certification
CPR and First Aid certification is being offered on Thursday, November 15, 2001, from 1:30 p. m.  - 5:30 p. m.  in the Body Shop, Studio B.",,
C6oJMk95v0KXFNQaXcX4,nfrReqs,NFR-007: [Usability] - The system shall provide clear and timely communication regarding any restricted access periods for investment funds.,1,email,['KfOIypbKOtwcxCOPq2EL'],SUPPORTS,Auto-annotated with 1 source(s) from Firestore,"Enron has employed counsel and they will represent Enron and its interests in the litigation. 

Under the Private Securities Litigation 

Subject: IMPORTANT-To All Domestic Employees who Participate in the Enron Corp Savings Plan

If you are a participant in the Enron Corp.  Savings Plan, please read this very important message. 

We understand that you are concerned about the timing of the move to a new Savings Plan administrator and the restricted access to your investment funds during the upcoming transition period schedule

Subject: Upcoming Wellness Activities

CPR and First Aid Certification
CPR and First Aid certification is being offered on Thursday, November 15, 2001, from 1:30 p. m.  - 5:30 p. m.  in the Body Shop, Studio B.",,
C6oJMk95v0KXFNQaXcX4,nfrReqs,NFR-008: [Usability] - The system shall reliably deliver important messages to all designated domestic employees.,1,email,['KfOIypbKOtwcxCOPq2EL'],SUPPORTS,Auto-annotated with 1 source(s) from Firestore,"Enron has employed counsel and they will represent Enron and its interests in the litigation. 

Under the Private Securities Litigation 

Subject: IMPORTANT-To All Domestic Employees who Participate in the Enron Corp Savings Plan

If you are a participant in the Enron Corp.  Savings Plan, please read this very important message. 

We understand that you are concerned about the timing of the move to a new Savings Plan administrator and the restricted access to your investment funds during the upcoming transition period schedule

Subject: Upcoming Wellness Activities

CPR and First Aid Certification
CPR and First Aid certification is being offered on Thursday, November 15, 2001, from 1:30 p. m.  - 5:30 p. m.  in the Body Shop, Studio B.",,
oMbh62Vrb9QQySSubuu0,functionalReqs,FR-001: The system shall function as an operating system.,1,email,['83guec61rLD2xBySTUf1'],SUPPORTS,Auto-annotated with 1 source(s) from Firestore,"Enron Emails - anchordesk_daily@anchordesk. zdlists. com

Subject: Meet the dark side of Windows XP


_____________________DAVID COURSEY_____________________

MEET THE DARK SIDE OF WINDOWS XP

    While I really like Microsoft's new operating
         system, there are still some issues that may
         make it impossible for you to upgrade.  And
         other issues may make you want to skip XP 

Subject: XP countdown: More of your top questions answered


_____________________DAVID COURSEY_____________________

XP COUNTDOWN: MORE OF YOUR TOP QUESTIONS ANSWERED

    In the last month and a half, I've been inundated
         with XP-related questions from faithful
         AnchorDesk readers.  Can you upgrade?  Is XP
         faster than 9x?",,
oMbh62Vrb9QQySSubuu0,functionalReqs,FR-002: The system shall be a Microsoft product.,1,email,['83guec61rLD2xBySTUf1'],SUPPORTS,Auto-annotated with 1 source(s) from Firestore,"Enron Emails - anchordesk_daily@anchordesk. zdlists. com

Subject: Meet the dark side of Windows XP


_____________________DAVID COURSEY_____________________

MEET THE DARK SIDE OF WINDOWS XP

    While I really like Microsoft's new operating
         system, there are still some issues that may
         make it impossible for you to upgrade.  And
         other issues may make you want to skip XP 

Subject: XP countdown: More of your top questions answered


_____________________DAVID COURSEY_____________________

XP COUNTDOWN: MORE OF YOUR TOP QUESTIONS ANSWERED

    In the last month and a half, I've been inundated
         with XP-related questions from faithful
         AnchorDesk readers.  Can you upgrade?  Is XP
         faster than 9x?",,
oMbh62Vrb9QQySSubuu0,functionalReqs,"FR-003: The system shall be identified by the name ""Windows XP"".",1,email,['83guec61rLD2xBySTUf1'],SUPPORTS,Auto-annotated with 1 source(s) from Firestore,"Enron Emails - anchordesk_daily@anchordesk. zdlists. com

Subject: Meet the dark side of Windows XP


_____________________DAVID COURSEY_____________________

MEET THE DARK SIDE OF WINDOWS XP

    While I really like Microsoft's new operating
         system, there are still some issues that may
         make it impossible for you to upgrade.  And
         other issues may make you want to skip XP 

Subject: XP countdown: More of your top questions answered


_____________________DAVID COURSEY_____________________

XP COUNTDOWN: MORE OF YOUR TOP QUESTIONS ANSWERED

    In the last month and a half, I've been inundated
         with XP-related questions from faithful
         AnchorDesk readers.  Can you upgrade?  Is XP
         faster than 9x?",,
oMbh62Vrb9QQySSubuu0,functionalReqs,FR-004: The system shall support an upgrade process for existing installations.,1,email,['83guec61rLD2xBySTUf1'],SUPPORTS,Auto-annotated with 1 source(s) from Firestore,"Enron Emails - anchordesk_daily@anchordesk. zdlists. com

Subject: Meet the dark side of Windows XP


_____________________DAVID COURSEY_____________________

MEET THE DARK SIDE OF WINDOWS XP

    While I really like Microsoft's new operating
         system, there are still some issues that may
         make it impossible for you to upgrade.  And
         other issues may make you want to skip XP 

Subject: XP countdown: More of your top questions answered


_____________________DAVID COURSEY_____________________

XP COUNTDOWN: MORE OF YOUR TOP QUESTIONS ANSWERED

    In the last month and a half, I've been inundated
         with XP-related questions from faithful
         AnchorDesk readers.  Can you upgrade?  Is XP
         faster than 9x?",,
oMbh62Vrb9QQySSubuu0,functionalReqs,FR-005: The system shall present issues that can impede its upgrade process.,1,email,['83guec61rLD2xBySTUf1'],SUPPORTS,Auto-annotated with 1 source(s) from Firestore,"Enron Emails - anchordesk_daily@anchordesk. zdlists. com

Subject: Meet the dark side of Windows XP


_____________________DAVID COURSEY_____________________

MEET THE DARK SIDE OF WINDOWS XP

    While I really like Microsoft's new operating
         system, there are still some issues that may
         make it impossible for you to upgrade.  And
         other issues may make you want to skip XP 

Subject: XP countdown: More of your top questions answered


_____________________DAVID COURSEY_____________________

XP COUNTDOWN: MORE OF YOUR TOP QUESTIONS ANSWERED

    In the last month and a half, I've been inundated
         with XP-related questions from faithful
         AnchorDesk readers.  Can you upgrade?  Is XP
         faster than 9x?",,
oMbh62Vrb9QQySSubuu0,functionalReqs,"FR-006: The system shall, in specific instances, render upgrades impossible.",1,email,['83guec61rLD2xBySTUf1'],SUPPORTS,Auto-annotated with 1 source(s) from Firestore,"Enron Emails - anchordesk_daily@anchordesk. zdlists. com

Subject: Meet the dark side of Windows XP


_____________________DAVID COURSEY_____________________

MEET THE DARK SIDE OF WINDOWS XP

    While I really like Microsoft's new operating
         system, there are still some issues that may
         make it impossible for you to upgrade.  And
         other issues may make you want to skip XP 

Subject: XP countdown: More of your top questions answered


_____________________DAVID COURSEY_____________________

XP COUNTDOWN: MORE OF YOUR TOP QUESTIONS ANSWERED

    In the last month and a half, I've been inundated
         with XP-related questions from faithful
         AnchorDesk readers.  Can you upgrade?  Is XP
         faster than 9x?",,
oMbh62Vrb9QQySSubuu0,functionalReqs,FR-007: The system shall possess characteristics that may discourage user adoption.,1,email,['83guec61rLD2xBySTUf1'],SUPPORTS,Auto-annotated with 1 source(s) from Firestore,"Enron Emails - anchordesk_daily@anchordesk. zdlists. com

Subject: Meet the dark side of Windows XP


_____________________DAVID COURSEY_____________________

MEET THE DARK SIDE OF WINDOWS XP

    While I really like Microsoft's new operating
         system, there are still some issues that may
         make it impossible for you to upgrade.  And
         other issues may make you want to skip XP 

Subject: XP countdown: More of your top questions answered


_____________________DAVID COURSEY_____________________

XP COUNTDOWN: MORE OF YOUR TOP QUESTIONS ANSWERED

    In the last month and a half, I've been inundated
         with XP-related questions from faithful
         AnchorDesk readers.  Can you upgrade?  Is XP
         faster than 9x?",,
oMbh62Vrb9QQySSubuu0,functionalReqs,FR-008: The system shall exhibit qualities that lead users to bypass its implementation.,1,email,['83guec61rLD2xBySTUf1'],SUPPORTS,Auto-annotated with 1 source(s) from Firestore,"Enron Emails - anchordesk_daily@anchordesk. zdlists. com

Subject: Meet the dark side of Windows XP


_____________________DAVID COURSEY_____________________

MEET THE DARK SIDE OF WINDOWS XP

    While I really like Microsoft's new operating
         system, there are still some issues that may
         make it impossible for you to upgrade.  And
         other issues may make you want to skip XP 

Subject: XP countdown: More of your top questions answered


_____________________DAVID COURSEY_____________________

XP COUNTDOWN: MORE OF YOUR TOP QUESTIONS ANSWERED

    In the last month and a half, I've been inundated
         with XP-related questions from faithful
         AnchorDesk readers.  Can you upgrade?  Is XP
         faster than 9x?",,
oMbh62Vrb9QQySSubuu0,functionalReqs,FR-011: The system shall have outstanding issues.,1,email,['83guec61rLD2xBySTUf1'],SUPPORTS,Auto-annotated with 1 source(s) from Firestore,"Enron Emails - anchordesk_daily@anchordesk. zdlists. com

Subject: Meet the dark side of Windows XP


_____________________DAVID COURSEY_____________________

MEET THE DARK SIDE OF WINDOWS XP

    While I really like Microsoft's new operating
         system, there are still some issues that may
         make it impossible for you to upgrade.  And
         other issues may make you want to skip XP 

Subject: XP countdown: More of your top questions answered


_____________________DAVID COURSEY_____________________

XP COUNTDOWN: MORE OF YOUR TOP QUESTIONS ANSWERED

    In the last month and a half, I've been inundated
         with XP-related questions from faithful
         AnchorDesk readers.  Can you upgrade?  Is XP
         faster than 9x?",,
oMbh62Vrb9QQySSubuu0,functionalReqs,FR-012: The system shall pose questions to users related to its operation or features.,1,email,['83guec61rLD2xBySTUf1'],DOES_NOT_SUPPORT,Auto-annotated with 1 source(s) from Firestore,"Enron Emails - anchordesk_daily@anchordesk. zdlists. com

Subject: Meet the dark side of Windows XP


_____________________DAVID COURSEY_____________________

MEET THE DARK SIDE OF WINDOWS XP

    While I really like Microsoft's new operating
         system, there are still some issues that may
         make it impossible for you to upgrade.  And
         other issues may make you want to skip XP 

Subject: XP countdown: More of your top questions answered


_____________________DAVID COURSEY_____________________

XP COUNTDOWN: MORE OF YOUR TOP QUESTIONS ANSWERED

    In the last month and a half, I've been inundated
         with XP-related questions from faithful
         AnchorDesk readers.  Can you upgrade?  Is XP
         faster than 9x?",,
oMbh62Vrb9QQySSubuu0,functionalReqs,FR-013: The system shall provide information or answers to common user questions.,1,email,['83guec61rLD2xBySTUf1'],SUPPORTS,Auto-annotated with 1 source(s) from Firestore,"Enron Emails - anchordesk_daily@anchordesk. zdlists. com

Subject: Meet the dark side of Windows XP


_____________________DAVID COURSEY_____________________

MEET THE DARK SIDE OF WINDOWS XP

    While I really like Microsoft's new operating
         system, there are still some issues that may
         make it impossible for you to upgrade.  And
         other issues may make you want to skip XP 

Subject: XP countdown: More of your top questions answered


_____________________DAVID COURSEY_____________________

XP COUNTDOWN: MORE OF YOUR TOP QUESTIONS ANSWERED

    In the last month and a half, I've been inundated
         with XP-related questions from faithful
         AnchorDesk readers.  Can you upgrade?  Is XP
         faster than 9x?",,
oMbh62Vrb9QQySSubuu0,functionalReqs,FR-014: The system shall be subject to a countdown or public release schedule.,1,email,['83guec61rLD2xBySTUf1'],SUPPORTS,Auto-annotated with 1 source(s) from Firestore,"Enron Emails - anchordesk_daily@anchordesk. zdlists. com

Subject: Meet the dark side of Windows XP


_____________________DAVID COURSEY_____________________

MEET THE DARK SIDE OF WINDOWS XP

    While I really like Microsoft's new operating
         system, there are still some issues that may
         make it impossible for you to upgrade.  And
         other issues may make you want to skip XP 

Subject: XP countdown: More of your top questions answered


_____________________DAVID COURSEY_____________________

XP COUNTDOWN: MORE OF YOUR TOP QUESTIONS ANSWERED

    In the last month and a half, I've been inundated
         with XP-related questions from faithful
         AnchorDesk readers.  Can you upgrade?  Is XP
         faster than 9x?",,
oMbh62Vrb9QQySSubuu0,functionalReqs,FR-015: The system shall have a specific set of recognized problems.,1,email,['83guec61rLD2xBySTUf1'],SUPPORTS,Auto-annotated with 1 source(s) from Firestore,"Enron Emails - anchordesk_daily@anchordesk. zdlists. com

Subject: Meet the dark side of Windows XP


_____________________DAVID COURSEY_____________________

MEET THE DARK SIDE OF WINDOWS XP

    While I really like Microsoft's new operating
         system, there are still some issues that may
         make it impossible for you to upgrade.  And
         other issues may make you want to skip XP 

Subject: XP countdown: More of your top questions answered


_____________________DAVID COURSEY_____________________

XP COUNTDOWN: MORE OF YOUR TOP QUESTIONS ANSWERED

    In the last month and a half, I've been inundated
         with XP-related questions from faithful
         AnchorDesk readers.  Can you upgrade?  Is XP
         faster than 9x?",,
oMbh62Vrb9QQySSubuu0,functionalReqs,FR-016: The system shall impact user decisions regarding its installation.,1,email,['83guec61rLD2xBySTUf1'],SUPPORTS,Auto-annotated with 1 source(s) from Firestore,"Enron Emails - anchordesk_daily@anchordesk. zdlists. com

Subject: Meet the dark side of Windows XP


_____________________DAVID COURSEY_____________________

MEET THE DARK SIDE OF WINDOWS XP

    While I really like Microsoft's new operating
         system, there are still some issues that may
         make it impossible for you to upgrade.  And
         other issues may make you want to skip XP 

Subject: XP countdown: More of your top questions answered


_____________________DAVID COURSEY_____________________

XP COUNTDOWN: MORE OF YOUR TOP QUESTIONS ANSWERED

    In the last month and a half, I've been inundated
         with XP-related questions from faithful
         AnchorDesk readers.  Can you upgrade?  Is XP
         faster than 9x?",,
oMbh62Vrb9QQySSubuu0,functionalReqs,FR-017: The system shall be capable of eliciting strong opinions from users.,1,email,['83guec61rLD2xBySTUf1'],SUPPORTS,Auto-annotated with 1 source(s) from Firestore,"Enron Emails - anchordesk_daily@anchordesk. zdlists. com

Subject: Meet the dark side of Windows XP


_____________________DAVID COURSEY_____________________

MEET THE DARK SIDE OF WINDOWS XP

    While I really like Microsoft's new operating
         system, there are still some issues that may
         make it impossible for you to upgrade.  And
         other issues may make you want to skip XP 

Subject: XP countdown: More of your top questions answered


_____________________DAVID COURSEY_____________________

XP COUNTDOWN: MORE OF YOUR TOP QUESTIONS ANSWERED

    In the last month and a half, I've been inundated
         with XP-related questions from faithful
         AnchorDesk readers.  Can you upgrade?  Is XP
         faster than 9x?",,
oMbh62Vrb9QQySSubuu0,functionalReqs,FR-018: The system shall be the subject of discussions concerning its functionalities and drawbacks.,1,email,['83guec61rLD2xBySTUf1'],SUPPORTS,Auto-annotated with 1 source(s) from Firestore,"Enron Emails - anchordesk_daily@anchordesk. zdlists. com

Subject: Meet the dark side of Windows XP


_____________________DAVID COURSEY_____________________

MEET THE DARK SIDE OF WINDOWS XP

    While I really like Microsoft's new operating
         system, there are still some issues that may
         make it impossible for you to upgrade.  And
         other issues may make you want to skip XP 

Subject: XP countdown: More of your top questions answered


_____________________DAVID COURSEY_____________________

XP COUNTDOWN: MORE OF YOUR TOP QUESTIONS ANSWERED

    In the last month and a half, I've been inundated
         with XP-related questions from faithful
         AnchorDesk readers.  Can you upgrade?  Is XP
         faster than 9x?",,
oMbh62Vrb9QQySSubuu0,nfrReqs,NFR-001: [Usability] - The system shall facilitate a straightforward upgrade process for users.,1,email,['83guec61rLD2xBySTUf1'],SUPPORTS,Auto-annotated with 1 source(s) from Firestore,"Enron Emails - anchordesk_daily@anchordesk. zdlists. com

Subject: Meet the dark side of Windows XP


_____________________DAVID COURSEY_____________________

MEET THE DARK SIDE OF WINDOWS XP

    While I really like Microsoft's new operating
         system, there are still some issues that may
         make it impossible for you to upgrade.  And
         other issues may make you want to skip XP 

Subject: XP countdown: More of your top questions answered


_____________________DAVID COURSEY_____________________

XP COUNTDOWN: MORE OF YOUR TOP QUESTIONS ANSWERED

    In the last month and a half, I've been inundated
         with XP-related questions from faithful
         AnchorDesk readers.  Can you upgrade?  Is XP
         faster than 9x?",,
oMbh62Vrb9QQySSubuu0,nfrReqs,NFR-002: [Usability] - The system shall be compatible with common existing hardware and software to enable seamless upgrades.,1,email,['83guec61rLD2xBySTUf1'],SUPPORTS,Auto-annotated with 1 source(s) from Firestore,"Enron Emails - anchordesk_daily@anchordesk. zdlists. com

Subject: Meet the dark side of Windows XP


_____________________DAVID COURSEY_____________________

MEET THE DARK SIDE OF WINDOWS XP

    While I really like Microsoft's new operating
         system, there are still some issues that may
         make it impossible for you to upgrade.  And
         other issues may make you want to skip XP 

Subject: XP countdown: More of your top questions answered


_____________________DAVID COURSEY_____________________

XP COUNTDOWN: MORE OF YOUR TOP QUESTIONS ANSWERED

    In the last month and a half, I've been inundated
         with XP-related questions from faithful
         AnchorDesk readers.  Can you upgrade?  Is XP
         faster than 9x?",,
oMbh62Vrb9QQySSubuu0,nfrReqs,NFR-003: [Usability] - The system shall provide an overall positive user experience to encourage adoption and prevent users from wanting to skip it.,1,email,['83guec61rLD2xBySTUf1'],SUPPORTS,Auto-annotated with 1 source(s) from Firestore,"Enron Emails - anchordesk_daily@anchordesk. zdlists. com

Subject: Meet the dark side of Windows XP


_____________________DAVID COURSEY_____________________

MEET THE DARK SIDE OF WINDOWS XP

    While I really like Microsoft's new operating
         system, there are still some issues that may
         make it impossible for you to upgrade.  And
         other issues may make you want to skip XP 

Subject: XP countdown: More of your top questions answered


_____________________DAVID COURSEY_____________________

XP COUNTDOWN: MORE OF YOUR TOP QUESTIONS ANSWERED

    In the last month and a half, I've been inundated
         with XP-related questions from faithful
         AnchorDesk readers.  Can you upgrade?  Is XP
         faster than 9x?",,
oMbh62Vrb9QQySSubuu0,nfrReqs,"NFR-004: [Security] - The system shall maintain a robust security posture to avoid critical vulnerabilities implied by its ""dark side"".",1,email,['83guec61rLD2xBySTUf1'],SUPPORTS,Auto-annotated with 1 source(s) from Firestore,"Enron Emails - anchordesk_daily@anchordesk. zdlists. com

Subject: Meet the dark side of Windows XP


_____________________DAVID COURSEY_____________________

MEET THE DARK SIDE OF WINDOWS XP

    While I really like Microsoft's new operating
         system, there are still some issues that may
         make it impossible for you to upgrade.  And
         other issues may make you want to skip XP 

Subject: XP countdown: More of your top questions answered


_____________________DAVID COURSEY_____________________

XP COUNTDOWN: MORE OF YOUR TOP QUESTIONS ANSWERED

    In the last month and a half, I've been inundated
         with XP-related questions from faithful
         AnchorDesk readers.  Can you upgrade?  Is XP
         faster than 9x?",,
oMbh62Vrb9QQySSubuu0,nfrReqs,NFR-005: [Performance] - The system shall deliver adequate performance to avoid being perceived as problematic or slow.,1,email,['83guec61rLD2xBySTUf1'],SUPPORTS,Auto-annotated with 1 source(s) from Firestore,"Enron Emails - anchordesk_daily@anchordesk. zdlists. com

Subject: Meet the dark side of Windows XP


_____________________DAVID COURSEY_____________________

MEET THE DARK SIDE OF WINDOWS XP

    While I really like Microsoft's new operating
         system, there are still some issues that may
         make it impossible for you to upgrade.  And
         other issues may make you want to skip XP 

Subject: XP countdown: More of your top questions answered


_____________________DAVID COURSEY_____________________

XP COUNTDOWN: MORE OF YOUR TOP QUESTIONS ANSWERED

    In the last month and a half, I've been inundated
         with XP-related questions from faithful
         AnchorDesk readers.  Can you upgrade?  Is XP
         faster than 9x?",,
oMbh62Vrb9QQySSubuu0,nfrReqs,NFR-006: [Availability] - The system shall operate reliably and stably without significant issues that deter user trust or adoption.,1,email,['83guec61rLD2xBySTUf1'],SUPPORTS,Auto-annotated with 1 source(s) from Firestore,"Enron Emails - anchordesk_daily@anchordesk. zdlists. com

Subject: Meet the dark side of Windows XP


_____________________DAVID COURSEY_____________________

MEET THE DARK SIDE OF WINDOWS XP

    While I really like Microsoft's new operating
         system, there are still some issues that may
         make it impossible for you to upgrade.  And
         other issues may make you want to skip XP 

Subject: XP countdown: More of your top questions answered


_____________________DAVID COURSEY_____________________

XP COUNTDOWN: MORE OF YOUR TOP QUESTIONS ANSWERED

    In the last month and a half, I've been inundated
         with XP-related questions from faithful
         AnchorDesk readers.  Can you upgrade?  Is XP
         faster than 9x?",,
oMbh62Vrb9QQySSubuu0,nfrReqs,"NFR-007: [Security] - The system shall protect user privacy and data to mitigate concerns related to its ""dark side"".",1,email,['83guec61rLD2xBySTUf1'],SUPPORTS,Auto-annotated with 1 source(s) from Firestore,"Enron Emails - anchordesk_daily@anchordesk. zdlists. com

Subject: Meet the dark side of Windows XP


_____________________DAVID COURSEY_____________________

MEET THE DARK SIDE OF WINDOWS XP

    While I really like Microsoft's new operating
         system, there are still some issues that may
         make it impossible for you to upgrade.  And
         other issues may make you want to skip XP 

Subject: XP countdown: More of your top questions answered


_____________________DAVID COURSEY_____________________

XP COUNTDOWN: MORE OF YOUR TOP QUESTIONS ANSWERED

    In the last month and a half, I've been inundated
         with XP-related questions from faithful
         AnchorDesk readers.  Can you upgrade?  Is XP
         faster than 9x?",,
JUEWUgZeI5Qe1eiSyJPu,assumptions,ASSM-001: Derrick Deakins is the designated key point of communication.,1,email,['aJErT09Apkwt4P1Q8hJJ'],SUPPORTS,Auto-annotated with 1 source(s) from Firestore,"Our prior direction 
was to have Derrick Deakins as our key point of communicatio

Subject: Compaq / EBS Relationship
David and Bob,

We look forward to working with you to strengthen the Compaq and EBS 
relationship.    EBS has identified potential server business opportunities 
(storage, streaming media) where our two organizations can work together.",,
JUEWUgZeI5Qe1eiSyJPu,assumptions,Basis: The prior direction was to have Derrick Deakins as our key point of communication.,1,email,['aJErT09Apkwt4P1Q8hJJ'],SUPPORTS,Auto-annotated with 1 source(s) from Firestore,"Our prior direction 
was to have Derrick Deakins as our key point of communicatio

Subject: Compaq / EBS Relationship
David and Bob,

We look forward to working with you to strengthen the Compaq and EBS 
relationship.    EBS has identified potential server business opportunities 
(storage, streaming media) where our two organizations can work together.",,
JUEWUgZeI5Qe1eiSyJPu,functionalReqs,FR-001: The system shall enable the identification of potential server business opportunities.,1,email,['aJErT09Apkwt4P1Q8hJJ'],SUPPORTS,Auto-annotated with 1 source(s) from Firestore,"Our prior direction 
was to have Derrick Deakins as our key point of communicatio

Subject: Compaq / EBS Relationship
David and Bob,

We look forward to working with you to strengthen the Compaq and EBS 
relationship.    EBS has identified potential server business opportunities 
(storage, streaming media) where our two organizations can work together.",,
JUEWUgZeI5Qe1eiSyJPu,functionalReqs,FR-002: The system shall store identified potential server business opportunities.,1,email,['aJErT09Apkwt4P1Q8hJJ'],SUPPORTS,Auto-annotated with 1 source(s) from Firestore,"Our prior direction 
was to have Derrick Deakins as our key point of communicatio

Subject: Compaq / EBS Relationship
David and Bob,

We look forward to working with you to strengthen the Compaq and EBS 
relationship.    EBS has identified potential server business opportunities 
(storage, streaming media) where our two organizations can work together.",,
JUEWUgZeI5Qe1eiSyJPu,functionalReqs,FR-003: The system shall retrieve identified potential server business opportunities.,1,email,['aJErT09Apkwt4P1Q8hJJ'],SUPPORTS,Auto-annotated with 1 source(s) from Firestore,"Our prior direction 
was to have Derrick Deakins as our key point of communicatio

Subject: Compaq / EBS Relationship
David and Bob,

We look forward to working with you to strengthen the Compaq and EBS 
relationship.    EBS has identified potential server business opportunities 
(storage, streaming media) where our two organizations can work together.",,
JUEWUgZeI5Qe1eiSyJPu,functionalReqs,FR-004: The system shall present identified potential server business opportunities to users.,1,email,['aJErT09Apkwt4P1Q8hJJ'],SUPPORTS,Auto-annotated with 1 source(s) from Firestore,"Our prior direction 
was to have Derrick Deakins as our key point of communicatio

Subject: Compaq / EBS Relationship
David and Bob,

We look forward to working with you to strengthen the Compaq and EBS 
relationship.    EBS has identified potential server business opportunities 
(storage, streaming media) where our two organizations can work together.",,
JUEWUgZeI5Qe1eiSyJPu,functionalReqs,"FR-005: The system shall classify server business opportunities by their status (e.g., potential).",1,email,['aJErT09Apkwt4P1Q8hJJ'],SUPPORTS,Auto-annotated with 1 source(s) from Firestore,"Our prior direction 
was to have Derrick Deakins as our key point of communicatio

Subject: Compaq / EBS Relationship
David and Bob,

We look forward to working with you to strengthen the Compaq and EBS 
relationship.    EBS has identified potential server business opportunities 
(storage, streaming media) where our two organizations can work together.",,
JUEWUgZeI5Qe1eiSyJPu,functionalReqs,FR-006: The system shall manage server business opportunities.,1,email,['aJErT09Apkwt4P1Q8hJJ'],SUPPORTS,Auto-annotated with 1 source(s) from Firestore,"Our prior direction 
was to have Derrick Deakins as our key point of communicatio

Subject: Compaq / EBS Relationship
David and Bob,

We look forward to working with you to strengthen the Compaq and EBS 
relationship.    EBS has identified potential server business opportunities 
(storage, streaming media) where our two organizations can work together.",,
JUEWUgZeI5Qe1eiSyJPu,functionalReqs,FR-007: The system shall categorize server business opportunities specifically as 'storage'.,1,email,['aJErT09Apkwt4P1Q8hJJ'],SUPPORTS,Auto-annotated with 1 source(s) from Firestore,"Our prior direction 
was to have Derrick Deakins as our key point of communicatio

Subject: Compaq / EBS Relationship
David and Bob,

We look forward to working with you to strengthen the Compaq and EBS 
relationship.    EBS has identified potential server business opportunities 
(storage, streaming media) where our two organizations can work together.",,
JUEWUgZeI5Qe1eiSyJPu,functionalReqs,FR-008: The system shall categorize server business opportunities specifically as 'streaming media'.,1,email,['aJErT09Apkwt4P1Q8hJJ'],SUPPORTS,Auto-annotated with 1 source(s) from Firestore,"Our prior direction 
was to have Derrick Deakins as our key point of communicatio

Subject: Compaq / EBS Relationship
David and Bob,

We look forward to working with you to strengthen the Compaq and EBS 
relationship.    EBS has identified potential server business opportunities 
(storage, streaming media) where our two organizations can work together.",,
JUEWUgZeI5Qe1eiSyJPu,functionalReqs,FR-009: The system shall allow filtering of server business opportunities by the 'storage' category.,1,email,['aJErT09Apkwt4P1Q8hJJ'],SUPPORTS,Auto-annotated with 1 source(s) from Firestore,"Our prior direction 
was to have Derrick Deakins as our key point of communicatio

Subject: Compaq / EBS Relationship
David and Bob,

We look forward to working with you to strengthen the Compaq and EBS 
relationship.    EBS has identified potential server business opportunities 
(storage, streaming media) where our two organizations can work together.",,
JUEWUgZeI5Qe1eiSyJPu,functionalReqs,FR-010: The system shall allow filtering of server business opportunities by the 'streaming media' category.,1,email,['aJErT09Apkwt4P1Q8hJJ'],SUPPORTS,Auto-annotated with 1 source(s) from Firestore,"Our prior direction 
was to have Derrick Deakins as our key point of communicatio

Subject: Compaq / EBS Relationship
David and Bob,

We look forward to working with you to strengthen the Compaq and EBS 
relationship.    EBS has identified potential server business opportunities 
(storage, streaming media) where our two organizations can work together.",,
JUEWUgZeI5Qe1eiSyJPu,functionalReqs,FR-011: The system shall associate server business opportunities with multiple participating organizations.,1,email,['aJErT09Apkwt4P1Q8hJJ'],SUPPORTS,Auto-annotated with 1 source(s) from Firestore,"Our prior direction 
was to have Derrick Deakins as our key point of communicatio

Subject: Compaq / EBS Relationship
David and Bob,

We look forward to working with you to strengthen the Compaq and EBS 
relationship.    EBS has identified potential server business opportunities 
(storage, streaming media) where our two organizations can work together.",,
JUEWUgZeI5Qe1eiSyJPu,functionalReqs,FR-012: The system shall support collaborative work on server business opportunities between organizations.,1,email,['aJErT09Apkwt4P1Q8hJJ'],SUPPORTS,Auto-annotated with 1 source(s) from Firestore,"Our prior direction 
was to have Derrick Deakins as our key point of communicatio

Subject: Compaq / EBS Relationship
David and Bob,

We look forward to working with you to strengthen the Compaq and EBS 
relationship.    EBS has identified potential server business opportunities 
(storage, streaming media) where our two organizations can work together.",,
JUEWUgZeI5Qe1eiSyJPu,functionalReqs,FR-013: The system shall track collaborative activities related to server business opportunities.,1,email,['aJErT09Apkwt4P1Q8hJJ'],SUPPORTS,Auto-annotated with 1 source(s) from Firestore,"Our prior direction 
was to have Derrick Deakins as our key point of communicatio

Subject: Compaq / EBS Relationship
David and Bob,

We look forward to working with you to strengthen the Compaq and EBS 
relationship.    EBS has identified potential server business opportunities 
(storage, streaming media) where our two organizations can work together.",,
JUEWUgZeI5Qe1eiSyJPu,functionalReqs,FR-014: The system shall display the status of collaborative work on server business opportunities.,1,email,['aJErT09Apkwt4P1Q8hJJ'],PARTIALLY,Auto-annotated with 1 source(s) from Firestore,"Our prior direction 
was to have Derrick Deakins as our key point of communicatio

Subject: Compaq / EBS Relationship
David and Bob,

We look forward to working with you to strengthen the Compaq and EBS 
relationship.    EBS has identified potential server business opportunities 
(storage, streaming media) where our two organizations can work together.",,
JUEWUgZeI5Qe1eiSyJPu,successMetrics,SM-001: Compaq and EBS Relationship Strength: Strengthened.,1,email,['aJErT09Apkwt4P1Q8hJJ'],SUPPORTS,Auto-annotated with 1 source(s) from Firestore,"Our prior direction 
was to have Derrick Deakins as our key point of communicatio

Subject: Compaq / EBS Relationship
David and Bob,

We look forward to working with you to strengthen the Compaq and EBS 
relationship.    EBS has identified potential server business opportunities 
(storage, streaming media) where our two organizations can work together.",,
JUEWUgZeI5Qe1eiSyJPu,successMetrics,SM-002: Number of active joint server business initiatives: Unspecified.,1,email,['aJErT09Apkwt4P1Q8hJJ'],SUPPORTS,Auto-annotated with 1 source(s) from Firestore,"Our prior direction 
was to have Derrick Deakins as our key point of communicatio

Subject: Compaq / EBS Relationship
David and Bob,

We look forward to working with you to strengthen the Compaq and EBS 
relationship.    EBS has identified potential server business opportunities 
(storage, streaming media) where our two organizations can work together.",,
JUEWUgZeI5Qe1eiSyJPu,successMetrics,SM-003: Engagement in Storage Business Opportunities: Active collaboration.,1,email,['aJErT09Apkwt4P1Q8hJJ'],SUPPORTS,Auto-annotated with 1 source(s) from Firestore,"Our prior direction 
was to have Derrick Deakins as our key point of communicatio

Subject: Compaq / EBS Relationship
David and Bob,

We look forward to working with you to strengthen the Compaq and EBS 
relationship.    EBS has identified potential server business opportunities 
(storage, streaming media) where our two organizations can work together.",,
JUEWUgZeI5Qe1eiSyJPu,successMetrics,SM-004: Engagement in Streaming Media Business Opportunities: Active collaboration.,1,email,['aJErT09Apkwt4P1Q8hJJ'],SUPPORTS,Auto-annotated with 1 source(s) from Firestore,"Our prior direction 
was to have Derrick Deakins as our key point of communicatio

Subject: Compaq / EBS Relationship
David and Bob,

We look forward to working with you to strengthen the Compaq and EBS 
relationship.    EBS has identified potential server business opportunities 
(storage, streaming media) where our two organizations can work together.",,
JUEWUgZeI5Qe1eiSyJPu,successMetrics,SM-005: Conversion rate of potential server business opportunities to active projects: Unspecified.,1,email,['aJErT09Apkwt4P1Q8hJJ'],SUPPORTS,Auto-annotated with 1 source(s) from Firestore,"Our prior direction 
was to have Derrick Deakins as our key point of communicatio

Subject: Compaq / EBS Relationship
David and Bob,

We look forward to working with you to strengthen the Compaq and EBS 
relationship.    EBS has identified potential server business opportunities 
(storage, streaming media) where our two organizations can work together.",,
JUEWUgZeI5Qe1eiSyJPu,successMetrics,SM-006: Effectiveness of joint initiatives: Unspecified.,1,email,['aJErT09Apkwt4P1Q8hJJ'],SUPPORTS,Auto-annotated with 1 source(s) from Firestore,"Our prior direction 
was to have Derrick Deakins as our key point of communicatio

Subject: Compaq / EBS Relationship
David and Bob,

We look forward to working with you to strengthen the Compaq and EBS 
relationship.    EBS has identified potential server business opportunities 
(storage, streaming media) where our two organizations can work together.",,
JUEWUgZeI5Qe1eiSyJPu,nfrReqs,NFR-001: [Scalability] - The system shall support scalable storage capacity to accommodate future business demands.,1,email,['aJErT09Apkwt4P1Q8hJJ'],SUPPORTS,Auto-annotated with 1 source(s) from Firestore,"Our prior direction 
was to have Derrick Deakins as our key point of communicatio

Subject: Compaq / EBS Relationship
David and Bob,

We look forward to working with you to strengthen the Compaq and EBS 
relationship.    EBS has identified potential server business opportunities 
(storage, streaming media) where our two organizations can work together.",,
JUEWUgZeI5Qe1eiSyJPu,nfrReqs,NFR-002: [Performance] - The system shall provide high-speed data access for storage operations.,1,email,['aJErT09Apkwt4P1Q8hJJ'],PARTIALLY,Auto-annotated with 1 source(s) from Firestore,"Our prior direction 
was to have Derrick Deakins as our key point of communicatio

Subject: Compaq / EBS Relationship
David and Bob,

We look forward to working with you to strengthen the Compaq and EBS 
relationship.    EBS has identified potential server business opportunities 
(storage, streaming media) where our two organizations can work together.",,
JUEWUgZeI5Qe1eiSyJPu,nfrReqs,NFR-003: [Availability] - The system shall ensure continuous availability of stored data services.,1,email,['aJErT09Apkwt4P1Q8hJJ'],DOES_NOT_SUPPORT,Auto-annotated with 1 source(s) from Firestore,"Our prior direction 
was to have Derrick Deakins as our key point of communicatio

Subject: Compaq / EBS Relationship
David and Bob,

We look forward to working with you to strengthen the Compaq and EBS 
relationship.    EBS has identified potential server business opportunities 
(storage, streaming media) where our two organizations can work together.",,
JUEWUgZeI5Qe1eiSyJPu,nfrReqs,NFR-004: [Security] - The system shall protect stored data from unauthorized access and ensure data integrity.,1,email,['aJErT09Apkwt4P1Q8hJJ'],DOES_NOT_SUPPORT,Auto-annotated with 1 source(s) from Firestore,"Our prior direction 
was to have Derrick Deakins as our key point of communicatio

Subject: Compaq / EBS Relationship
David and Bob,

We look forward to working with you to strengthen the Compaq and EBS 
relationship.    EBS has identified potential server business opportunities 
(storage, streaming media) where our two organizations can work together.",,
JUEWUgZeI5Qe1eiSyJPu,nfrReqs,NFR-005: [Performance] - The system shall deliver high-throughput streaming media.,1,email,['aJErT09Apkwt4P1Q8hJJ'],SUPPORTS,Auto-annotated with 1 source(s) from Firestore,"Our prior direction 
was to have Derrick Deakins as our key point of communicatio

Subject: Compaq / EBS Relationship
David and Bob,

We look forward to working with you to strengthen the Compaq and EBS 
relationship.    EBS has identified potential server business opportunities 
(storage, streaming media) where our two organizations can work together.",,
JUEWUgZeI5Qe1eiSyJPu,nfrReqs,NFR-006: [Scalability] - The system shall support a scalable number of concurrent streaming media sessions.,1,email,['aJErT09Apkwt4P1Q8hJJ'],SUPPORTS,Auto-annotated with 1 source(s) from Firestore,"Our prior direction 
was to have Derrick Deakins as our key point of communicatio

Subject: Compaq / EBS Relationship
David and Bob,

We look forward to working with you to strengthen the Compaq and EBS 
relationship.    EBS has identified potential server business opportunities 
(storage, streaming media) where our two organizations can work together.",,
JUEWUgZeI5Qe1eiSyJPu,nfrReqs,NFR-007: [Availability] - The system shall maintain high availability for all streaming media services.,1,email,['aJErT09Apkwt4P1Q8hJJ'],PARTIALLY,Auto-annotated with 1 source(s) from Firestore,"Our prior direction 
was to have Derrick Deakins as our key point of communicatio

Subject: Compaq / EBS Relationship
David and Bob,

We look forward to working with you to strengthen the Compaq and EBS 
relationship.    EBS has identified potential server business opportunities 
(storage, streaming media) where our two organizations can work together.",,
JUEWUgZeI5Qe1eiSyJPu,nfrReqs,NFR-008: [Performance] - The system shall provide low-latency delivery for streaming media.,1,email,['aJErT09Apkwt4P1Q8hJJ'],PARTIALLY,Auto-annotated with 1 source(s) from Firestore,"Our prior direction 
was to have Derrick Deakins as our key point of communicatio

Subject: Compaq / EBS Relationship
David and Bob,

We look forward to working with you to strengthen the Compaq and EBS 
relationship.    EBS has identified potential server business opportunities 
(storage, streaming media) where our two organizations can work together.",,
OlbGFN5fSu9hoR2fPs99,functionalReqs,FR-001: The system shall emit infrared signals via LED.,1,transcript,['53RxzWHT3YaXBp9PNSQU'],SUPPORTS,Auto-annotated with 1 source(s) from Firestore,"Or not?  Yeah.  Yes.  See you two in half an hour uh

[Speaker A]: Hello.  Designer.  Yes.  Yeah.  Just the look like, the button part I'll explain.  Okay.  Now the um we decided upon including certain features on our remote.  Now these features includes the s um signal emitting uh signal it's the led or L_E_D_ the infrared.  Now uh we have included the switch on and off button.  Now we have included another feature that is the mute button on the side of the model.  Then we have included one to nine buttons for controlling the programmes the different channels.  We have also included two buttons for increasing or decreasing the volume.  And we have also included two buttons for scrolling up and scrolling down the programme channels.",,
OlbGFN5fSu9hoR2fPs99,functionalReqs,FR-002: The system shall include a switch on/off button.,1,transcript,['53RxzWHT3YaXBp9PNSQU'],SUPPORTS,Auto-annotated with 1 source(s) from Firestore,"Or not?  Yeah.  Yes.  See you two in half an hour uh

[Speaker A]: Hello.  Designer.  Yes.  Yeah.  Just the look like, the button part I'll explain.  Okay.  Now the um we decided upon including certain features on our remote.  Now these features includes the s um signal emitting uh signal it's the led or L_E_D_ the infrared.  Now uh we have included the switch on and off button.  Now we have included another feature that is the mute button on the side of the model.  Then we have included one to nine buttons for controlling the programmes the different channels.  We have also included two buttons for increasing or decreasing the volume.  And we have also included two buttons for scrolling up and scrolling down the programme channels.",,
OlbGFN5fSu9hoR2fPs99,functionalReqs,FR-003: The system shall include a mute button on the side of the model.,1,transcript,['53RxzWHT3YaXBp9PNSQU'],SUPPORTS,Auto-annotated with 1 source(s) from Firestore,"Or not?  Yeah.  Yes.  See you two in half an hour uh

[Speaker A]: Hello.  Designer.  Yes.  Yeah.  Just the look like, the button part I'll explain.  Okay.  Now the um we decided upon including certain features on our remote.  Now these features includes the s um signal emitting uh signal it's the led or L_E_D_ the infrared.  Now uh we have included the switch on and off button.  Now we have included another feature that is the mute button on the side of the model.  Then we have included one to nine buttons for controlling the programmes the different channels.  We have also included two buttons for increasing or decreasing the volume.  And we have also included two buttons for scrolling up and scrolling down the programme channels.",,
OlbGFN5fSu9hoR2fPs99,functionalReqs,FR-004: The system shall utilize a sample sensor.,1,transcript,['E0itObqkLU5eXqbRM0yx'],SUPPORTS,Auto-annotated with 1 source(s) from Firestore,"Yes, because the walls they they reflect the infrared light.  So it has an it's easier.  Um I suggest we use the the sensor sample.  Uh the sample sensor and sample speaker.  Um with a with a regular chip.  I think uh it gives us the advantage of Yes, yes.  And uh skip and skip the L_C_D_ part.  I don't think it it's any uh value added thing.  So Okay.  Technology.  Yes.  It's not very flashy and new.  Mm-hmm.  Mm-hmm.  Yes.  Uh I think our customers will go insane.  It's it's too much.  Okay.  Uh the n the next phase will be um the um not the what is the next phase f Flores?  Okay.  So i Okay.  Okay.  Okay, okay.  Yes, they can work.  They cannot work with double-curved.  That's that's problem.  I'll check it for you.  Yes.  Mm-hmm.  Okay.  Okay.  So you will be on the Bahamas.  Uh Okay.",,
OlbGFN5fSu9hoR2fPs99,functionalReqs,FR-005: The system shall utilize a sample speaker.,1,transcript,['E0itObqkLU5eXqbRM0yx'],SUPPORTS,Auto-annotated with 1 source(s) from Firestore,"Yes, because the walls they they reflect the infrared light.  So it has an it's easier.  Um I suggest we use the the sensor sample.  Uh the sample sensor and sample speaker.  Um with a with a regular chip.  I think uh it gives us the advantage of Yes, yes.  And uh skip and skip the L_C_D_ part.  I don't think it it's any uh value added thing.  So Okay.  Technology.  Yes.  It's not very flashy and new.  Mm-hmm.  Mm-hmm.  Yes.  Uh I think our customers will go insane.  It's it's too much.  Okay.  Uh the n the next phase will be um the um not the what is the next phase f Flores?  Okay.  So i Okay.  Okay.  Okay, okay.  Yes, they can work.  They cannot work with double-curved.  That's that's problem.  I'll check it for you.  Yes.  Mm-hmm.  Okay.  Okay.  So you will be on the Bahamas.  Uh Okay.",,
OlbGFN5fSu9hoR2fPs99,functionalReqs,FR-006: The system shall incorporate a regular chip.,1,transcript,['E0itObqkLU5eXqbRM0yx'],SUPPORTS,Auto-annotated with 1 source(s) from Firestore,"Yes, because the walls they they reflect the infrared light.  So it has an it's easier.  Um I suggest we use the the sensor sample.  Uh the sample sensor and sample speaker.  Um with a with a regular chip.  I think uh it gives us the advantage of Yes, yes.  And uh skip and skip the L_C_D_ part.  I don't think it it's any uh value added thing.  So Okay.  Technology.  Yes.  It's not very flashy and new.  Mm-hmm.  Mm-hmm.  Yes.  Uh I think our customers will go insane.  It's it's too much.  Okay.  Uh the n the next phase will be um the um not the what is the next phase f Flores?  Okay.  So i Okay.  Okay.  Okay, okay.  Yes, they can work.  They cannot work with double-curved.  That's that's problem.  I'll check it for you.  Yes.  Mm-hmm.  Okay.  Okay.  So you will be on the Bahamas.  Uh Okay.",,
OlbGFN5fSu9hoR2fPs99,functionalReqs,FR-007: The system shall not include an LCD display.,1,transcript,['E0itObqkLU5eXqbRM0yx'],SUPPORTS,Auto-annotated with 1 source(s) from Firestore,"Yes, because the walls they they reflect the infrared light.  So it has an it's easier.  Um I suggest we use the the sensor sample.  Uh the sample sensor and sample speaker.  Um with a with a regular chip.  I think uh it gives us the advantage of Yes, yes.  And uh skip and skip the L_C_D_ part.  I don't think it it's any uh value added thing.  So Okay.  Technology.  Yes.  It's not very flashy and new.  Mm-hmm.  Mm-hmm.  Yes.  Uh I think our customers will go insane.  It's it's too much.  Okay.  Uh the n the next phase will be um the um not the what is the next phase f Flores?  Okay.  So i Okay.  Okay.  Okay, okay.  Yes, they can work.  They cannot work with double-curved.  That's that's problem.  I'll check it for you.  Yes.  Mm-hmm.  Okay.  Okay.  So you will be on the Bahamas.  Uh Okay.",,
OlbGFN5fSu9hoR2fPs99,functionalReqs,FR-008: The system shall be powered by a battery with a solar cell.,1,transcript,['dn4q7mNwvSYBIk7ezHbP'],SUPPORTS,Auto-annotated with 1 source(s) from Firestore,"Um I've chosen the more battery with solar cell uh solution for the energy.  It's more reliable, it's cheaper.  So I don't think we should use the dynamo thing.  The kinetic thing it it's it's a possibility.  It's it's more advanced, but I'm I think you should combine it with batteries.  Otherwise it will not too advanced, uh well.  It's in in in some way it can give us an advance, because you will save on your batteries.  But Yes.  And I think it's more robust.  It's more uh Uh it's more functional.  The titanium thing uh we have to skip it.  So I think we should skip the titanium uh stuff, and we should uh use wood or something like that.  Oh okay, sorry.  So it it needs to be rubber.  Okay.  Okay, spongy materials.",,
OlbGFN5fSu9hoR2fPs99,functionalReqs,FR-009: The system shall not include a docking station.,1,transcript,['m3KwPfnVnPyGj0JfARkR'],SUPPORTS,Auto-annotated with 1 source(s) from Firestore,"The tasks are very structured, so you can just do step by step and it's very easy.  Well, the smart-board, the d d drawing is just a pain in the ass, but The digital the digital pen is very nice.  Yes.  Yeah.  A flip-over or a more precise uh digit Yes.  No.  Didn't work.  Yes.  Yeah.  Considering we are not going to make a docking station.  Perhaps.  Mm-hmm.  Okay.  Okay. 

[Speaker A]: Hello.  Yes, I made it.  English from now on.  Drawing or Yeah.  Ooh it works.  Spicy.  Where are are all the other presentations?  The conceptual or Ah.  Because I see only my own presentation yeah.  This?  I'll just put it in there.  Or not.  Ah, I can't cut and paste it into the other folder but Move to meeting room.  Yeah.  Yeah me too,.  Yeah.  Yes.  Me first again or yeah.  Alright.",,
OlbGFN5fSu9hoR2fPs99,functionalReqs,FR-010: The system casing shall support various colors.,1,transcript,['mo5HpOCJOs8IkYHgjKG9'],SUPPORTS,Auto-annotated with 1 source(s) from Firestore,"Uh and we have an even more advanced uh shape, which is curved in three dimension.  I c I think you can compare it a little bit with the uh big grey image uh you had in your presentation.  The the big remote control, something like that.  But it's quite uh advanced and it's it's quite daring to to use I think.  Um for these casings we have uh different types of finishing.  We can use plastic, which is uh very slippery and maybe not so nice, but you can give it any colour, uh which is the same for rubber, but it's not slippery.  We can use wood and titanium.  Well, um we cannot use the titanium on the double curve cases.  And these latex cases, there's there's just the plastic ones uh won't allow the use of solar cells as an energy source source.",,
OlbGFN5fSu9hoR2fPs99,functionalReqs,FR-011: The system shall have a single curved design.,1,transcript,['rm2UvFyectNssQSZDMlE'],SUPPORTS,Auto-annotated with 1 source(s) from Firestore,"Yeah that that w Yeah.  Yeah I was thinking of that also, with with a with a uh arrow.  So that indicates that there's an menu under that menu.  So Oh yeah.  Yeah.  Mm.  Yeah.  Cool.  S underwater uh yeah.  Yeah.  Yeah..  Yeah.  Also a kind of rubber uh Yeah.  That should be nice.  So s Yeah there's only in in this dimension.  Like this.  So curvy or not.  Yeah so we keep it singly c single curved then?  Yeah.  Yeah.  Yeah.  So from top view it looks kinda like this.  But from the side you you can have it also in a kind of shape.  Maybe because the the screen is on top you can have Maybe you can c have this kind of shape.  A little upwards.  So that the screen is more towards yourself, so you can easily see your screen.",,
OlbGFN5fSu9hoR2fPs99,functionalReqs,FR-012: The system shall incorporate rubber elements.,1,transcript,['rm2UvFyectNssQSZDMlE'],SUPPORTS,Auto-annotated with 1 source(s) from Firestore,"Yeah that that w Yeah.  Yeah I was thinking of that also, with with a with a uh arrow.  So that indicates that there's an menu under that menu.  So Oh yeah.  Yeah.  Mm.  Yeah.  Cool.  S underwater uh yeah.  Yeah.  Yeah..  Yeah.  Also a kind of rubber uh Yeah.  That should be nice.  So s Yeah there's only in in this dimension.  Like this.  So curvy or not.  Yeah so we keep it singly c single curved then?  Yeah.  Yeah.  Yeah.  So from top view it looks kinda like this.  But from the side you you can have it also in a kind of shape.  Maybe because the the screen is on top you can have Maybe you can c have this kind of shape.  A little upwards.  So that the screen is more towards yourself, so you can easily see your screen.",,
OlbGFN5fSu9hoR2fPs99,functionalReqs,FR-013: The system shall integrate fruit and vegetable themes in combination with spongy material.,1,transcript,['QMtljFA0I2TABLY7Gt3F'],SUPPORTS,Auto-annotated with 1 source(s) from Firestore,"So fancy look-and-feel uh is the most important uh point of attention.  Uh so the fruits and vegetables in combination with the spongey material.  Um well technolog technological innovation, we've covered that pretty much I guess.  Um and easy to use, I don't think that will be problem.  So my point of attention is especially this part.  That this will be a crux.  So that was the marketing uh presentation.  I had only one document left.  So kind of this So a k a small example.  Kind of this this look.  Uh nothing about the buttons but just sponge kind of thing, and and some fruit and colours I dunno.  Just made a quick design.  Alright.  Yeah.  It's okay.  F_ five.  Yeah.  Wi an indoors.  Oh.  Yeah.  Yeah.  Yeah.  Yeah.  Yeah.  I guess we can only choose one.  Yeah.  And it's more fun.",,
OlbGFN5fSu9hoR2fPs99,functionalReqs,FR-014: The system shall support speech recognition.,1,transcript,['QtWcm5owGHpR5712wcCH'],SUPPORTS,Auto-annotated with 1 source(s) from Firestore,"Uh well most important aspect for remote control happens to be a fancy look-and-feel.  Instead of the current uh functional look-and-feel.  Um well fancy stands for an original look-and-feel of the case and the interface.  And the second most important aspect is that a remote control should be technological uh innovative.  Um well it stands for the use of technical features that do not exist in current remote controls.  I think we pretty much covered that with our screen and um and speech recognition, so I don't expect that to be a problem.  And the third development um is that the remote control should be easy to use.  Um Well the first aspect uh was twice as important as the second aspect,w which was twice as important as the third aspect.  So um that kind of gets you this ratios.",,
OlbGFN5fSu9hoR2fPs99,functionalReqs,FR-015: The system shall include a help button.,1,transcript,['SAwRcGAgr3jPySI2v99A'],SUPPORTS,Auto-annotated with 1 source(s) from Firestore,"I think the help button really is necessary because there's no other way to know when someone wants to know what a button does.  Well, you can't leave out the number buttons I guess.  And Yeah.  So it's rather basic already.  Yeah, they're It's rather hard to draw on the white-board.  But they're supposed to be equal sized, round, with a with a little logo on it for the for the volume, the the triangle and stuff.  Just for recognition.  So and for the materials we've just chosen for rubber buttons.  With a a different colour than the case.  So they jump out.  And uh that's about it.  Yep.  Yes.  Yep.  Yep.  Yeah.  Yeah.  Yes.  Uh that's that's a big cost.  If we leave out the display we can also save money on the chip.  Which isn't the the docking station isn't even in this c s schematic.",,
OlbGFN5fSu9hoR2fPs99,functionalReqs,FR-016: The system shall include number buttons.,1,transcript,['SAwRcGAgr3jPySI2v99A'],SUPPORTS,Auto-annotated with 1 source(s) from Firestore,"I think the help button really is necessary because there's no other way to know when someone wants to know what a button does.  Well, you can't leave out the number buttons I guess.  And Yeah.  So it's rather basic already.  Yeah, they're It's rather hard to draw on the white-board.  But they're supposed to be equal sized, round, with a with a little logo on it for the for the volume, the the triangle and stuff.  Just for recognition.  So and for the materials we've just chosen for rubber buttons.  With a a different colour than the case.  So they jump out.  And uh that's about it.  Yep.  Yes.  Yep.  Yep.  Yeah.  Yeah.  Yes.  Uh that's that's a big cost.  If we leave out the display we can also save money on the chip.  Which isn't the the docking station isn't even in this c s schematic.",,
OlbGFN5fSu9hoR2fPs99,functionalReqs,"FR-017: The system buttons shall be equal sized, round, and include logos for recognition.",1,transcript,['SAwRcGAgr3jPySI2v99A'],SUPPORTS,Auto-annotated with 1 source(s) from Firestore,"I think the help button really is necessary because there's no other way to know when someone wants to know what a button does.  Well, you can't leave out the number buttons I guess.  And Yeah.  So it's rather basic already.  Yeah, they're It's rather hard to draw on the white-board.  But they're supposed to be equal sized, round, with a with a little logo on it for the for the volume, the the triangle and stuff.  Just for recognition.  So and for the materials we've just chosen for rubber buttons.  With a a different colour than the case.  So they jump out.  And uh that's about it.  Yep.  Yes.  Yep.  Yep.  Yeah.  Yeah.  Yes.  Uh that's that's a big cost.  If we leave out the display we can also save money on the chip.  Which isn't the the docking station isn't even in this c s schematic.",,
OlbGFN5fSu9hoR2fPs99,functionalReqs,FR-018: The system shall utilize rubber for buttons.,1,transcript,['SAwRcGAgr3jPySI2v99A'],SUPPORTS,Auto-annotated with 1 source(s) from Firestore,"I think the help button really is necessary because there's no other way to know when someone wants to know what a button does.  Well, you can't leave out the number buttons I guess.  And Yeah.  So it's rather basic already.  Yeah, they're It's rather hard to draw on the white-board.  But they're supposed to be equal sized, round, with a with a little logo on it for the for the volume, the the triangle and stuff.  Just for recognition.  So and for the materials we've just chosen for rubber buttons.  With a a different colour than the case.  So they jump out.  And uh that's about it.  Yep.  Yes.  Yep.  Yep.  Yeah.  Yeah.  Yes.  Uh that's that's a big cost.  If we leave out the display we can also save money on the chip.  Which isn't the the docking station isn't even in this c s schematic.",,
OlbGFN5fSu9hoR2fPs99,functionalReqs,FR-019: The system display shall incorporate yellow banana and orange elements.,1,transcript,['tcm2sKA46UgUCaUaq2av'],SUPPORTS,Auto-annotated with 1 source(s) from Firestore,"And then uh Oh Yeah with some some yellow banana Like.  Yeah?  How do you mean?  Some some Yeah an orange.  Well alright well this is more like purple I guess, but it's should be more real dark blue, so the contrast with the with the fruit objects is uh pretty high.  So uh yeah.  That would be a nice uh nice device I guess.  I mean, the the colour of the background of the display?  Ah well I don't guess it s has to be a sixty uh sixty six five thousand uh colour, so yeah too expensive.  So just just a a blue blue backlight or something like that.  Green is too old-fashioned.  But blue, blue's okay.  J White backlight, and dark.  Yeah.  Whatever which is visible.  I know you sh you should test it under uh under a light conditions.  I mean it's hard to tell uh I dunno.  Yeah.  True.",,
OlbGFN5fSu9hoR2fPs99,functionalReqs,FR-020: The system display background shall be dark blue to ensure high contrast with fruit objects.,1,transcript,['tcm2sKA46UgUCaUaq2av'],SUPPORTS,Auto-annotated with 1 source(s) from Firestore,"And then uh Oh Yeah with some some yellow banana Like.  Yeah?  How do you mean?  Some some Yeah an orange.  Well alright well this is more like purple I guess, but it's should be more real dark blue, so the contrast with the with the fruit objects is uh pretty high.  So uh yeah.  That would be a nice uh nice device I guess.  I mean, the the colour of the background of the display?  Ah well I don't guess it s has to be a sixty uh sixty six five thousand uh colour, so yeah too expensive.  So just just a a blue blue backlight or something like that.  Green is too old-fashioned.  But blue, blue's okay.  J White backlight, and dark.  Yeah.  Whatever which is visible.  I know you sh you should test it under uh under a light conditions.  I mean it's hard to tell uh I dunno.  Yeah.  True.",,
OlbGFN5fSu9hoR2fPs99,functionalReqs,"FR-021: The system display shall not require 65,000 colors.",1,transcript,['tcm2sKA46UgUCaUaq2av'],SUPPORTS,Auto-annotated with 1 source(s) from Firestore,"And then uh Oh Yeah with some some yellow banana Like.  Yeah?  How do you mean?  Some some Yeah an orange.  Well alright well this is more like purple I guess, but it's should be more real dark blue, so the contrast with the with the fruit objects is uh pretty high.  So uh yeah.  That would be a nice uh nice device I guess.  I mean, the the colour of the background of the display?  Ah well I don't guess it s has to be a sixty uh sixty six five thousand uh colour, so yeah too expensive.  So just just a a blue blue backlight or something like that.  Green is too old-fashioned.  But blue, blue's okay.  J White backlight, and dark.  Yeah.  Whatever which is visible.  I know you sh you should test it under uh under a light conditions.  I mean it's hard to tell uh I dunno.  Yeah.  True.",,
OlbGFN5fSu9hoR2fPs99,nfrReqs,NFR-001: [Availability] - The system shall utilize an energy solution that is more reliable than kinetic alternatives.,1,transcript,['dn4q7mNwvSYBIk7ezHbP'],SUPPORTS,Auto-annotated with 1 source(s) from Firestore,"Um I've chosen the more battery with solar cell uh solution for the energy.  It's more reliable, it's cheaper.  So I don't think we should use the dynamo thing.  The kinetic thing it it's it's a possibility.  It's it's more advanced, but I'm I think you should combine it with batteries.  Otherwise it will not too advanced, uh well.  It's in in in some way it can give us an advance, because you will save on your batteries.  But Yes.  And I think it's more robust.  It's more uh Uh it's more functional.  The titanium thing uh we have to skip it.  So I think we should skip the titanium uh stuff, and we should uh use wood or something like that.  Oh okay, sorry.  So it it needs to be rubber.  Okay.  Okay, spongy materials.",,
OlbGFN5fSu9hoR2fPs99,nfrReqs,NFR-002: [Availability] - The system shall be robust.,1,transcript,['dn4q7mNwvSYBIk7ezHbP'],SUPPORTS,Auto-annotated with 1 source(s) from Firestore,"Um I've chosen the more battery with solar cell uh solution for the energy.  It's more reliable, it's cheaper.  So I don't think we should use the dynamo thing.  The kinetic thing it it's it's a possibility.  It's it's more advanced, but I'm I think you should combine it with batteries.  Otherwise it will not too advanced, uh well.  It's in in in some way it can give us an advance, because you will save on your batteries.  But Yes.  And I think it's more robust.  It's more uh Uh it's more functional.  The titanium thing uh we have to skip it.  So I think we should skip the titanium uh stuff, and we should uh use wood or something like that.  Oh okay, sorry.  So it it needs to be rubber.  Okay.  Okay, spongy materials.",,
OlbGFN5fSu9hoR2fPs99,nfrReqs,NFR-003: [Usability] - The system shall provide a user experience where tasks are structured and easy to perform.,1,transcript,['m3KwPfnVnPyGj0JfARkR'],SUPPORTS,Auto-annotated with 1 source(s) from Firestore,"The tasks are very structured, so you can just do step by step and it's very easy.  Well, the smart-board, the d d drawing is just a pain in the ass, but The digital the digital pen is very nice.  Yes.  Yeah.  A flip-over or a more precise uh digit Yes.  No.  Didn't work.  Yes.  Yeah.  Considering we are not going to make a docking station.  Perhaps.  Mm-hmm.  Okay.  Okay. 

[Speaker A]: Hello.  Yes, I made it.  English from now on.  Drawing or Yeah.  Ooh it works.  Spicy.  Where are are all the other presentations?  The conceptual or Ah.  Because I see only my own presentation yeah.  This?  I'll just put it in there.  Or not.  Ah, I can't cut and paste it into the other folder but Move to meeting room.  Yeah.  Yeah me too,.  Yeah.  Yes.  Me first again or yeah.  Alright.",,
OlbGFN5fSu9hoR2fPs99,nfrReqs,NFR-004: [Usability] - The system shall prioritize a fancy look-and-feel.,1,transcript,['QMtljFA0I2TABLY7Gt3F'],SUPPORTS,Auto-annotated with 1 source(s) from Firestore,"So fancy look-and-feel uh is the most important uh point of attention.  Uh so the fruits and vegetables in combination with the spongey material.  Um well technolog technological innovation, we've covered that pretty much I guess.  Um and easy to use, I don't think that will be problem.  So my point of attention is especially this part.  That this will be a crux.  So that was the marketing uh presentation.  I had only one document left.  So kind of this So a k a small example.  Kind of this this look.  Uh nothing about the buttons but just sponge kind of thing, and and some fruit and colours I dunno.  Just made a quick design.  Alright.  Yeah.  It's okay.  F_ five.  Yeah.  Wi an indoors.  Oh.  Yeah.  Yeah.  Yeah.  Yeah.  Yeah.  I guess we can only choose one.  Yeah.  And it's more fun.",,
OlbGFN5fSu9hoR2fPs99,nfrReqs,NFR-005: [Usability] - The system shall be technologically innovative by incorporating features not present in current remote controls.,1,transcript,['QtWcm5owGHpR5712wcCH'],SUPPORTS,Auto-annotated with 1 source(s) from Firestore,"Uh well most important aspect for remote control happens to be a fancy look-and-feel.  Instead of the current uh functional look-and-feel.  Um well fancy stands for an original look-and-feel of the case and the interface.  And the second most important aspect is that a remote control should be technological uh innovative.  Um well it stands for the use of technical features that do not exist in current remote controls.  I think we pretty much covered that with our screen and um and speech recognition, so I don't expect that to be a problem.  And the third development um is that the remote control should be easy to use.  Um Well the first aspect uh was twice as important as the second aspect,w which was twice as important as the third aspect.  So um that kind of gets you this ratios.",,
OlbGFN5fSu9hoR2fPs99,nfrReqs,NFR-006: [Usability] - The system shall include a help button to assist users in understanding button functionality.,1,transcript,['SAwRcGAgr3jPySI2v99A'],SUPPORTS,Auto-annotated with 1 source(s) from Firestore,"I think the help button really is necessary because there's no other way to know when someone wants to know what a button does.  Well, you can't leave out the number buttons I guess.  And Yeah.  So it's rather basic already.  Yeah, they're It's rather hard to draw on the white-board.  But they're supposed to be equal sized, round, with a with a little logo on it for the for the volume, the the triangle and stuff.  Just for recognition.  So and for the materials we've just chosen for rubber buttons.  With a a different colour than the case.  So they jump out.  And uh that's about it.  Yep.  Yes.  Yep.  Yep.  Yeah.  Yeah.  Yes.  Uh that's that's a big cost.  If we leave out the display we can also save money on the chip.  Which isn't the the docking station isn't even in this c s schematic.",,
OlbGFN5fSu9hoR2fPs99,nfrReqs,NFR-007: [Usability] - The system shall offer a design that is distinctly different from current remote controls.,1,transcript,['TJjTiU97NRw16FVcUEbf'],SUPPORTS,Auto-annotated with 1 source(s) from Firestore,"What they found is that people don't like how current remote controls are, so you know, definitely you should be looking at something quite different.  Um seventy five percent of users find most remote controls ugly.  Uh the other twenty five percent have no fashion sense.  Uh eighty percent of users would spend more to get um you know, a nice looking remote control.  Um current remote controls, they don't match the user behaviour well, as you'll see on the next slide.  Um I dunno what zapping is, but Oh, right.  But you have that little thing that comes up at the bottom and tells you what's on.",,
OlbGFN5fSu9hoR2fPs99,nfrReqs,NFR-008: [Usability] - The system display shall have high contrast between background and objects for improved visibility.,1,transcript,['tcm2sKA46UgUCaUaq2av'],SUPPORTS,Auto-annotated with 1 source(s) from Firestore,"And then uh Oh Yeah with some some yellow banana Like.  Yeah?  How do you mean?  Some some Yeah an orange.  Well alright well this is more like purple I guess, but it's should be more real dark blue, so the contrast with the with the fruit objects is uh pretty high.  So uh yeah.  That would be a nice uh nice device I guess.  I mean, the the colour of the background of the display?  Ah well I don't guess it s has to be a sixty uh sixty six five thousand uh colour, so yeah too expensive.  So just just a a blue blue backlight or something like that.  Green is too old-fashioned.  But blue, blue's okay.  J White backlight, and dark.  Yeah.  Whatever which is visible.  I know you sh you should test it under uh under a light conditions.  I mean it's hard to tell uh I dunno.  Yeah.  True.",,
sVkrccqwmVUh1FGYR2dr,functionalReqs,FR-001: The system shall provide voice recognition as an additional input method.,1,transcript,['Si8zzaOoF1jZbzkPvgEM'],SUPPORTS,Auto-annotated with 1 source(s) from Firestore,"Yeah.  An Yeah.  Yeah.  Yeah but uh um Yeah, yeah sure, yeah, yeah.  Yeah.  Yeah, w well now the v the voice recognition if if it works wonderfully w we could possibly do away with all buttons, but I think this is not really the right moment yet, because people are just so used to buttons and um, yeah it's it's kind of safer, so we we need both, so the voice recognition would be just an extra, it wouldn't really reduce the size of the remote.  Yeah but m but on the other hand, remote control isn't as close to you you probably might just just uh speak into it and and the T_V_ would be already further away, so it might not pick up the other things coming from there.",,
sVkrccqwmVUh1FGYR2dr,functionalReqs,FR-002: The system shall provide an on/off function.,1,transcript,['ssK8dTP0Z8azewgKpD08'],SUPPORTS,Auto-annotated with 1 source(s) from Firestore,"Um then yeah, the must-have buttons would be on off and then the channel numbers and then um the one that allows us to go to the next or the previous channel, and then volume has to be there.  But then um other functionalities um could be just uh there could be a menu button and you could change things on the screen then, um for example brightness and mm similar functions could be just um done through the menu.  And yeah, the last question I had about whether we wanted to incorporate n uh more functionalities, the answer was already no because of the last minute update.  So at the for the time being that's uh that's all.",,
sVkrccqwmVUh1FGYR2dr,functionalReqs,FR-003: The system shall enable direct channel selection using number input.,1,transcript,['ssK8dTP0Z8azewgKpD08'],SUPPORTS,Auto-annotated with 1 source(s) from Firestore,"Um then yeah, the must-have buttons would be on off and then the channel numbers and then um the one that allows us to go to the next or the previous channel, and then volume has to be there.  But then um other functionalities um could be just uh there could be a menu button and you could change things on the screen then, um for example brightness and mm similar functions could be just um done through the menu.  And yeah, the last question I had about whether we wanted to incorporate n uh more functionalities, the answer was already no because of the last minute update.  So at the for the time being that's uh that's all.",,
sVkrccqwmVUh1FGYR2dr,functionalReqs,FR-004: The system shall enable navigation to the next channel.,1,transcript,['ssK8dTP0Z8azewgKpD08'],SUPPORTS,Auto-annotated with 1 source(s) from Firestore,"Um then yeah, the must-have buttons would be on off and then the channel numbers and then um the one that allows us to go to the next or the previous channel, and then volume has to be there.  But then um other functionalities um could be just uh there could be a menu button and you could change things on the screen then, um for example brightness and mm similar functions could be just um done through the menu.  And yeah, the last question I had about whether we wanted to incorporate n uh more functionalities, the answer was already no because of the last minute update.  So at the for the time being that's uh that's all.",,
sVkrccqwmVUh1FGYR2dr,functionalReqs,FR-005: The system shall enable navigation to the previous channel.,1,transcript,['ssK8dTP0Z8azewgKpD08'],SUPPORTS,Auto-annotated with 1 source(s) from Firestore,"Um then yeah, the must-have buttons would be on off and then the channel numbers and then um the one that allows us to go to the next or the previous channel, and then volume has to be there.  But then um other functionalities um could be just uh there could be a menu button and you could change things on the screen then, um for example brightness and mm similar functions could be just um done through the menu.  And yeah, the last question I had about whether we wanted to incorporate n uh more functionalities, the answer was already no because of the last minute update.  So at the for the time being that's uh that's all.",,
sVkrccqwmVUh1FGYR2dr,functionalReqs,FR-006: The system shall enable volume adjustment.,1,transcript,['ssK8dTP0Z8azewgKpD08'],SUPPORTS,Auto-annotated with 1 source(s) from Firestore,"Um then yeah, the must-have buttons would be on off and then the channel numbers and then um the one that allows us to go to the next or the previous channel, and then volume has to be there.  But then um other functionalities um could be just uh there could be a menu button and you could change things on the screen then, um for example brightness and mm similar functions could be just um done through the menu.  And yeah, the last question I had about whether we wanted to incorporate n uh more functionalities, the answer was already no because of the last minute update.  So at the for the time being that's uh that's all.",,
sVkrccqwmVUh1FGYR2dr,functionalReqs,FR-007: The system shall provide a menu button for accessing on-screen options.,1,transcript,['ssK8dTP0Z8azewgKpD08'],SUPPORTS,Auto-annotated with 1 source(s) from Firestore,"Um then yeah, the must-have buttons would be on off and then the channel numbers and then um the one that allows us to go to the next or the previous channel, and then volume has to be there.  But then um other functionalities um could be just uh there could be a menu button and you could change things on the screen then, um for example brightness and mm similar functions could be just um done through the menu.  And yeah, the last question I had about whether we wanted to incorporate n uh more functionalities, the answer was already no because of the last minute update.  So at the for the time being that's uh that's all.",,
sVkrccqwmVUh1FGYR2dr,functionalReqs,FR-008: The system shall allow users to change settings on the screen via the menu.,1,transcript,['ssK8dTP0Z8azewgKpD08'],SUPPORTS,Auto-annotated with 1 source(s) from Firestore,"Um then yeah, the must-have buttons would be on off and then the channel numbers and then um the one that allows us to go to the next or the previous channel, and then volume has to be there.  But then um other functionalities um could be just uh there could be a menu button and you could change things on the screen then, um for example brightness and mm similar functions could be just um done through the menu.  And yeah, the last question I had about whether we wanted to incorporate n uh more functionalities, the answer was already no because of the last minute update.  So at the for the time being that's uh that's all.",,
sVkrccqwmVUh1FGYR2dr,functionalReqs,FR-009: The system shall allow users to adjust screen brightness via the menu.,1,transcript,['ssK8dTP0Z8azewgKpD08'],SUPPORTS,Auto-annotated with 1 source(s) from Firestore,"Um then yeah, the must-have buttons would be on off and then the channel numbers and then um the one that allows us to go to the next or the previous channel, and then volume has to be there.  But then um other functionalities um could be just uh there could be a menu button and you could change things on the screen then, um for example brightness and mm similar functions could be just um done through the menu.  And yeah, the last question I had about whether we wanted to incorporate n uh more functionalities, the answer was already no because of the last minute update.  So at the for the time being that's uh that's all.",,
sVkrccqwmVUh1FGYR2dr,functionalReqs,FR-010: The system shall allow users to adjust similar functions via the menu.,1,transcript,['ssK8dTP0Z8azewgKpD08'],SUPPORTS,Auto-annotated with 1 source(s) from Firestore,"Um then yeah, the must-have buttons would be on off and then the channel numbers and then um the one that allows us to go to the next or the previous channel, and then volume has to be there.  But then um other functionalities um could be just uh there could be a menu button and you could change things on the screen then, um for example brightness and mm similar functions could be just um done through the menu.  And yeah, the last question I had about whether we wanted to incorporate n uh more functionalities, the answer was already no because of the last minute update.  So at the for the time being that's uh that's all.",,
sVkrccqwmVUh1FGYR2dr,functionalReqs,FR-011: The system shall provide a teletext function.,1,transcript,['TM61lq7Ypl2iI2CYh58y'],SUPPORTS,Auto-annotated with 1 source(s) from Firestore,"But first um we will do the this is prototype presentation.  So, if some yeah if somebody wants step forward.  Okay.  Okay.  Uh but um I thought in a few meetings earlier we uh uh tried to keep it uh simple.  Uh just a few buttons and large buttons.  But uh I think these are altogether quite a quite a few buttons.  So I'm wondering if we if we neely really need all of those buttons.  That's right.  Yeah.  Yeah.  Mm.  Long time.  Yeah.  If you put Yeah.  Okay.  Yeah.  Uh teletext and subtitles are yeah necessary.  Okay.  Yep.  Okay.  So we had somebody about th interfa Something about the design of the buttons there?  Just n normal plain buttons.  Yeah.  'Kay.  No.  No.  Yeah.  Okay.  Yep.  Okay.  That's nice.",,
sVkrccqwmVUh1FGYR2dr,functionalReqs,FR-012: The system shall provide a subtitles function.,1,transcript,['TM61lq7Ypl2iI2CYh58y'],SUPPORTS,Auto-annotated with 1 source(s) from Firestore,"But first um we will do the this is prototype presentation.  So, if some yeah if somebody wants step forward.  Okay.  Okay.  Uh but um I thought in a few meetings earlier we uh uh tried to keep it uh simple.  Uh just a few buttons and large buttons.  But uh I think these are altogether quite a quite a few buttons.  So I'm wondering if we if we neely really need all of those buttons.  That's right.  Yeah.  Yeah.  Mm.  Long time.  Yeah.  If you put Yeah.  Okay.  Yeah.  Uh teletext and subtitles are yeah necessary.  Okay.  Yep.  Okay.  So we had somebody about th interfa Something about the design of the buttons there?  Just n normal plain buttons.  Yeah.  'Kay.  No.  No.  Yeah.  Okay.  Yep.  Okay.  That's nice.",,
sVkrccqwmVUh1FGYR2dr,functionalReqs,FR-013: The system shall allow users to disable colour LEDs.,1,transcript,['wNenTxB5zI9C2hNXVZiH'],SUPPORTS,Auto-annotated with 1 source(s) from Firestore,"If you press a button and you can disable the the colour LEDs for for people that don't like it.  Yeah.  Yeah.  Yeah.  Very cheap uh cheap look.  Yeah but if you if you make it more curved we we can make more and more options for buttons.  If you have uh it have it in your hand, you you you are not only um yeah you don't need one dimension but you can use other dimensions for pressing the the buttons.  Yeah.  Something to shoot at your television Yeah.  That's yeah.  Okay.  Yeah.  That's the the more advanced options were uh for the for the menu.  But you you want okay.  You just want to hide them all?  The oh.  Yeah yeah yeah.  That's but it's it's not it's not very uh very strong uh yeah if you drop it one time.  Okay.  But when you are left-handed, that's that's a problem.",,
sVkrccqwmVUh1FGYR2dr,functionalReqs,FR-014: The system shall disable colour LEDs upon a button press.,1,transcript,['wNenTxB5zI9C2hNXVZiH'],SUPPORTS,Auto-annotated with 1 source(s) from Firestore,"If you press a button and you can disable the the colour LEDs for for people that don't like it.  Yeah.  Yeah.  Yeah.  Very cheap uh cheap look.  Yeah but if you if you make it more curved we we can make more and more options for buttons.  If you have uh it have it in your hand, you you you are not only um yeah you don't need one dimension but you can use other dimensions for pressing the the buttons.  Yeah.  Something to shoot at your television Yeah.  That's yeah.  Okay.  Yeah.  That's the the more advanced options were uh for the for the menu.  But you you want okay.  You just want to hide them all?  The oh.  Yeah yeah yeah.  That's but it's it's not it's not very uh very strong uh yeah if you drop it one time.  Okay.  But when you are left-handed, that's that's a problem.",,
sVkrccqwmVUh1FGYR2dr,nfrReqs,NFR-001: [Performance] - The voice recognition system shall perform wonderfully.,1,transcript,['Si8zzaOoF1jZbzkPvgEM'],SUPPORTS,Auto-annotated with 1 source(s) from Firestore,"Yeah.  An Yeah.  Yeah.  Yeah but uh um Yeah, yeah sure, yeah, yeah.  Yeah.  Yeah, w well now the v the voice recognition if if it works wonderfully w we could possibly do away with all buttons, but I think this is not really the right moment yet, because people are just so used to buttons and um, yeah it's it's kind of safer, so we we need both, so the voice recognition would be just an extra, it wouldn't really reduce the size of the remote.  Yeah but m but on the other hand, remote control isn't as close to you you probably might just just uh speak into it and and the T_V_ would be already further away, so it might not pick up the other things coming from there.",,
sVkrccqwmVUh1FGYR2dr,nfrReqs,NFR-002: [Usability] - The system shall incorporate both voice recognition and physical buttons for user interaction.,1,transcript,['Si8zzaOoF1jZbzkPvgEM'],SUPPORTS,Auto-annotated with 1 source(s) from Firestore,"Yeah.  An Yeah.  Yeah.  Yeah but uh um Yeah, yeah sure, yeah, yeah.  Yeah.  Yeah, w well now the v the voice recognition if if it works wonderfully w we could possibly do away with all buttons, but I think this is not really the right moment yet, because people are just so used to buttons and um, yeah it's it's kind of safer, so we we need both, so the voice recognition would be just an extra, it wouldn't really reduce the size of the remote.  Yeah but m but on the other hand, remote control isn't as close to you you probably might just just uh speak into it and and the T_V_ would be already further away, so it might not pick up the other things coming from there.",,
sVkrccqwmVUh1FGYR2dr,nfrReqs,NFR-003: [Usability] - The physical buttons shall provide a sense of safety to users.,1,transcript,['Si8zzaOoF1jZbzkPvgEM'],SUPPORTS,Auto-annotated with 1 source(s) from Firestore,"Yeah.  An Yeah.  Yeah.  Yeah but uh um Yeah, yeah sure, yeah, yeah.  Yeah.  Yeah, w well now the v the voice recognition if if it works wonderfully w we could possibly do away with all buttons, but I think this is not really the right moment yet, because people are just so used to buttons and um, yeah it's it's kind of safer, so we we need both, so the voice recognition would be just an extra, it wouldn't really reduce the size of the remote.  Yeah but m but on the other hand, remote control isn't as close to you you probably might just just uh speak into it and and the T_V_ would be already further away, so it might not pick up the other things coming from there.",,
sVkrccqwmVUh1FGYR2dr,nfrReqs,NFR-004: [Usability] - The system shall feature a simple design with a few large buttons.,1,transcript,['TM61lq7Ypl2iI2CYh58y'],SUPPORTS,Auto-annotated with 1 source(s) from Firestore,"But first um we will do the this is prototype presentation.  So, if some yeah if somebody wants step forward.  Okay.  Okay.  Uh but um I thought in a few meetings earlier we uh uh tried to keep it uh simple.  Uh just a few buttons and large buttons.  But uh I think these are altogether quite a quite a few buttons.  So I'm wondering if we if we neely really need all of those buttons.  That's right.  Yeah.  Yeah.  Mm.  Long time.  Yeah.  If you put Yeah.  Okay.  Yeah.  Uh teletext and subtitles are yeah necessary.  Okay.  Yep.  Okay.  So we had somebody about th interfa Something about the design of the buttons there?  Just n normal plain buttons.  Yeah.  'Kay.  No.  No.  Yeah.  Okay.  Yep.  Okay.  That's nice.",,
sVkrccqwmVUh1FGYR2dr,nfrReqs,NFR-005: [Usability] - The system's user interface design shall prioritize innovation over ease of use for the target group.,1,transcript,['U4yNuE07HjAGKUQeouNt'],SUPPORTS,Auto-annotated with 1 source(s) from Firestore,"Okay, so the the m uh important findings are uh innovation is more important than ease of use for the our target group.  And um colouring is important and and uh soft materials.  Okay.  Okay, Roo, could you do your presentation?  Okay, well it's good to to sum up uh the things we already thought about.  Shape.  Yeah.  And what I'm thinking about, maybe um we should make very light but um uh a grip um I mean this is how you hold a remote control.  Um it shouldn't be too uh glatt, too slippery, s because um Yeah.  Yeah, exactly.  Yeah.  Yeah, ex for your fingers, yeah.  Yeah.  It grips automatically.  Yeah, okay.  Okay, good.  Yeah.  Way too much I think for our goal, yeah.  Okay, b but I think we'll yeah.  Okay.  Well, it would be very new to the market, but Yeah.",,
sVkrccqwmVUh1FGYR2dr,nfrReqs,NFR-006: [Usability] - The remote control shall not be slippery.,1,transcript,['U4yNuE07HjAGKUQeouNt'],SUPPORTS,Auto-annotated with 1 source(s) from Firestore,"Okay, so the the m uh important findings are uh innovation is more important than ease of use for the our target group.  And um colouring is important and and uh soft materials.  Okay.  Okay, Roo, could you do your presentation?  Okay, well it's good to to sum up uh the things we already thought about.  Shape.  Yeah.  And what I'm thinking about, maybe um we should make very light but um uh a grip um I mean this is how you hold a remote control.  Um it shouldn't be too uh glatt, too slippery, s because um Yeah.  Yeah, exactly.  Yeah.  Yeah, ex for your fingers, yeah.  Yeah.  It grips automatically.  Yeah, okay.  Okay, good.  Yeah.  Way too much I think for our goal, yeah.  Okay, b but I think we'll yeah.  Okay.  Well, it would be very new to the market, but Yeah.",,
sVkrccqwmVUh1FGYR2dr,nfrReqs,NFR-007: [Usability] - The remote control shall incorporate soft materials.,1,transcript,['U4yNuE07HjAGKUQeouNt'],SUPPORTS,Auto-annotated with 1 source(s) from Firestore,"Okay, so the the m uh important findings are uh innovation is more important than ease of use for the our target group.  And um colouring is important and and uh soft materials.  Okay.  Okay, Roo, could you do your presentation?  Okay, well it's good to to sum up uh the things we already thought about.  Shape.  Yeah.  And what I'm thinking about, maybe um we should make very light but um uh a grip um I mean this is how you hold a remote control.  Um it shouldn't be too uh glatt, too slippery, s because um Yeah.  Yeah, exactly.  Yeah.  Yeah, ex for your fingers, yeah.  Yeah.  It grips automatically.  Yeah, okay.  Okay, good.  Yeah.  Way too much I think for our goal, yeah.  Okay, b but I think we'll yeah.  Okay.  Well, it would be very new to the market, but Yeah.",,
sVkrccqwmVUh1FGYR2dr,nfrReqs,NFR-008: [Usability] - The system shall allow users to disable the color LEDs.,1,transcript,['wNenTxB5zI9C2hNXVZiH'],SUPPORTS,Auto-annotated with 1 source(s) from Firestore,"If you press a button and you can disable the the colour LEDs for for people that don't like it.  Yeah.  Yeah.  Yeah.  Very cheap uh cheap look.  Yeah but if you if you make it more curved we we can make more and more options for buttons.  If you have uh it have it in your hand, you you you are not only um yeah you don't need one dimension but you can use other dimensions for pressing the the buttons.  Yeah.  Something to shoot at your television Yeah.  That's yeah.  Okay.  Yeah.  That's the the more advanced options were uh for the for the menu.  But you you want okay.  You just want to hide them all?  The oh.  Yeah yeah yeah.  That's but it's it's not it's not very uh very strong uh yeah if you drop it one time.  Okay.  But when you are left-handed, that's that's a problem.",,
HT1CCSdC2hchZ9loiAlv,functionalReqs,FR-001: The system shall incorporate a scroll-wheel.,1,transcript,['A1Vqd8jhean00ytmh17C'],SUPPORTS,Auto-annotated with 1 source(s) from Firestore,"Are we gonna buy a um a remote control uh when you can uh use it?  So um Yeah.  We m uh we must um stay below the um below um twelve uh fifty or Can't uh go um Nay.  Is it impossible to But it is possible to make one uh for uh twelve fifty.  I don't think so.  S Yeah.  But, you can't use uh Yeah.  But we want to make a uh so uh uh fancy and a good uh Yeah.  Uh, wi with n Oh, with uh attractive uh o options.  So uh, you can stay uh below uh twelve fifty.  So Scroll-wheel's one.  No, it Yeah.  Yeah.  Mm.  D yeah.  Hmm.  Ja ja.  Yeah, or we have to uh skip the subtitle uh button.  So Yeah Yeah it's a big advantage.  But um, it's Uh, yeah.  Yeah.  Yeah.  But if you push the teletext button twice It's uh One m uh one b uh, a few buttons.  Yeah.  Hmm.  Yeah.  Uh yeah.",,
HT1CCSdC2hchZ9loiAlv,functionalReqs,FR-002: The system shall exclusively control television functions.,1,transcript,['2ckTmYamcWjAOspM8yTy'],SUPPORTS,Auto-annotated with 1 source(s) from Firestore,"Um also uh the remote control should be used only for television, because incorporating other features um makes it more comp complex.  And the reason why teletext is outdated because uh of internet and uh the availability of internet over television.  How however, our our remote control would only be dealing uh with the the use for television, in order to keep things simple.  Um also the management wants that um our design should be unique uh it so it should incorporate um colour and the slogan uh that our company um has it as its standard.  Okay, so he he here is a functional overview of the remote control.  Um there's basically an energy source at the heart uh which feeds into the chip and the user interface.",,
HT1CCSdC2hchZ9loiAlv,functionalReqs,FR-003: The system shall not require an internet connection for its core operation.,1,transcript,['Us5EvCUEcHULye8tgGKq'],SUPPORTS,Auto-annotated with 1 source(s) from Firestore,"I think Well, according to the to the report people are more interested in in a fa fancy look and feel and in a technological inno in innovation, so, I will give more importance to the look and feel than rather than the new inputs and also it's I'm not convinced about this L_C_D_ because you need uh internet connection, you need more things, it's not just buying a new control re remote, you need buying control remote, buying uh more things.  It's not so simple.  For instance, yeah.  Yeah for for for given an an example yeah.  Yeah no, it's what I already said.  Yeah but you can u Yeah but the can we use it for saying okay, channel fifty, channel twenty?  M Mando.  Banana-mando yeah.  Looks like a tr look likes a a tro a tropical fruit.  Yeah.  What's a turbo button?",,
HT1CCSdC2hchZ9loiAlv,functionalReqs,FR-004: The system shall utilize a display for user feedback and indications.,1,transcript,['g9DOrFs0ZgwldxCPfIsB'],SUPPORTS,Auto-annotated with 1 source(s) from Firestore,"Just to recognise it, so uh Uh yeah and now we don't need uh LEDs or um Y uh s some uh remote controls uh do it also, but um uh because we use the little display we don't uh have to use it.  Uh so Nay.  Mm.  Yeah we can u just uh 'Kay.  Mm.  Yeah.  Yeah.  Okay.  Yeah.  Uh Sixteen, I believe so.  Uh seventeen.  Uh with the help button.  Yeah..  Yeah.  Where did uh Uh, it's just one button.  But, um Yeah.  There were uh two uh for one big button.  But they are uh more expensive than the small ones.  Uh, yeah.  So It's just a.  But I don't don't know if if it's cheaper.  So uh, we've still got four buttons, but just um So You got uh not not a butt button itself, but uh on the um Yeah.  On the chip you've got still uh four uh four buttons.  So Yeah, but.",,
HT1CCSdC2hchZ9loiAlv,functionalReqs,FR-005: The system shall not utilize LEDs for user feedback and indications.,1,transcript,['g9DOrFs0ZgwldxCPfIsB'],SUPPORTS,Auto-annotated with 1 source(s) from Firestore,"Just to recognise it, so uh Uh yeah and now we don't need uh LEDs or um Y uh s some uh remote controls uh do it also, but um uh because we use the little display we don't uh have to use it.  Uh so Nay.  Mm.  Yeah we can u just uh 'Kay.  Mm.  Yeah.  Yeah.  Okay.  Yeah.  Uh Sixteen, I believe so.  Uh seventeen.  Uh with the help button.  Yeah..  Yeah.  Where did uh Uh, it's just one button.  But, um Yeah.  There were uh two uh for one big button.  But they are uh more expensive than the small ones.  Uh, yeah.  So It's just a.  But I don't don't know if if it's cheaper.  So uh, we've still got four buttons, but just um So You got uh not not a butt button itself, but uh on the um Yeah.  On the chip you've got still uh four uh four buttons.  So Yeah, but.",,
HT1CCSdC2hchZ9loiAlv,functionalReqs,FR-006: The system shall include a dedicated help button.,1,transcript,['g9DOrFs0ZgwldxCPfIsB'],SUPPORTS,Auto-annotated with 1 source(s) from Firestore,"Just to recognise it, so uh Uh yeah and now we don't need uh LEDs or um Y uh s some uh remote controls uh do it also, but um uh because we use the little display we don't uh have to use it.  Uh so Nay.  Mm.  Yeah we can u just uh 'Kay.  Mm.  Yeah.  Yeah.  Okay.  Yeah.  Uh Sixteen, I believe so.  Uh seventeen.  Uh with the help button.  Yeah..  Yeah.  Where did uh Uh, it's just one button.  But, um Yeah.  There were uh two uh for one big button.  But they are uh more expensive than the small ones.  Uh, yeah.  So It's just a.  But I don't don't know if if it's cheaper.  So uh, we've still got four buttons, but just um So You got uh not not a butt button itself, but uh on the um Yeah.  On the chip you've got still uh four uh four buttons.  So Yeah, but.",,
HT1CCSdC2hchZ9loiAlv,functionalReqs,FR-007: The system shall employ kinetic energy as its power source.,1,transcript,['pFVNr6UeeQLObeykjVvI'],SUPPORTS,Auto-annotated with 1 source(s) from Firestore,"Okay so what we have to decide is what kind of components do we use?  Uh energy source, chip type, case type.  And user interface.  But I didn't see a clear distinction between these so I think what we have is okay.  So we only, we already decided that kinetic would be the choice for energy.  Uh the case would be doubly curved.  So Rubber material.  And that's the only thing we have left.  Oh okay.  No it's easy.  Advanced chip.  Okay.  Too.  Uh I didn't get any info on this.  So Yeah.  I have total here.  Yeah I don't know.  I didn't get any information about that so Yeah.  Who doesn't.  Uh let's see.  Is there a new thing?  Yeah the interface, maybe can Ooh.  No.  Uh do you have a picture of doubly curved case?  And could you put that in the group folder?  Of the project folder.",,
HT1CCSdC2hchZ9loiAlv,functionalReqs,FR-008: The system shall support speech recognition functionality.,1,transcript,['9CuNrQ5MRFnjmZtnBRqH'],SUPPORTS,Auto-annotated with 1 source(s) from Firestore,"But um otherwise I think we're we're ready to go to go with this product.  Anybody else have any other comments or any other things that we feel we should evaluate?  Mm-hmm.  Well then again if we're gonna um do the speech recognition thing we're gon there gonna be some buttons that are gonna have to be added for that for the recording of the the speech.  So that that's where we're gonna have to do maybe we can eliminate one of the mute buttons, instead of having two mute buttons.  And um then maybe we can do something with the um the volume control.  Maybe we can put that all on one button.  Um and a couple of other th maybe comp uh consolidate some of the usage an and see what we can do with that.  Mm-hmm.  No.  Mm-hmm.  Mm-hmm.",,
HT1CCSdC2hchZ9loiAlv,functionalReqs,FR-009: The system shall provide buttons for recording speech input.,1,transcript,['9CuNrQ5MRFnjmZtnBRqH'],SUPPORTS,Auto-annotated with 1 source(s) from Firestore,"But um otherwise I think we're we're ready to go to go with this product.  Anybody else have any other comments or any other things that we feel we should evaluate?  Mm-hmm.  Well then again if we're gonna um do the speech recognition thing we're gon there gonna be some buttons that are gonna have to be added for that for the recording of the the speech.  So that that's where we're gonna have to do maybe we can eliminate one of the mute buttons, instead of having two mute buttons.  And um then maybe we can do something with the um the volume control.  Maybe we can put that all on one button.  Um and a couple of other th maybe comp uh consolidate some of the usage an and see what we can do with that.  Mm-hmm.  No.  Mm-hmm.  Mm-hmm.",,
HT1CCSdC2hchZ9loiAlv,functionalReqs,FR-010: The system shall include exactly one mute button.,1,transcript,['9CuNrQ5MRFnjmZtnBRqH'],SUPPORTS,Auto-annotated with 1 source(s) from Firestore,"But um otherwise I think we're we're ready to go to go with this product.  Anybody else have any other comments or any other things that we feel we should evaluate?  Mm-hmm.  Well then again if we're gonna um do the speech recognition thing we're gon there gonna be some buttons that are gonna have to be added for that for the recording of the the speech.  So that that's where we're gonna have to do maybe we can eliminate one of the mute buttons, instead of having two mute buttons.  And um then maybe we can do something with the um the volume control.  Maybe we can put that all on one button.  Um and a couple of other th maybe comp uh consolidate some of the usage an and see what we can do with that.  Mm-hmm.  No.  Mm-hmm.  Mm-hmm.",,
HT1CCSdC2hchZ9loiAlv,functionalReqs,FR-011: The system shall display the company slogan as part of its design.,1,transcript,['2ckTmYamcWjAOspM8yTy'],SUPPORTS,Auto-annotated with 1 source(s) from Firestore,"Um also uh the remote control should be used only for television, because incorporating other features um makes it more comp complex.  And the reason why teletext is outdated because uh of internet and uh the availability of internet over television.  How however, our our remote control would only be dealing uh with the the use for television, in order to keep things simple.  Um also the management wants that um our design should be unique uh it so it should incorporate um colour and the slogan uh that our company um has it as its standard.  Okay, so he he here is a functional overview of the remote control.  Um there's basically an energy source at the heart uh which feeds into the chip and the user interface.",,
HT1CCSdC2hchZ9loiAlv,functionalReqs,FR-012: The system shall support exchangeable covers.,1,transcript,['fXTTBY5twSI4HspfL5aB'],SUPPORTS,Auto-annotated with 1 source(s) from Firestore,"But since we're conten concentrating on uh the younger group, I think we should use soft materials and uh make it colourful or uh like cell phones, exch exchangeable covers.  So we could provide both for the young and the old what they like.  I've seen it, but 'Kay.  Uh that's about it.  Yes.  Uh soft material.  Uh the fancy look and feel.  Yes.  Apparently.  Yeah.  Um Uh well, it's obvious obviously new.  So it might attract uh the young customers.  Hmm.  And yeah, the yeah, the older people liked wood.  No the Yeah, the younger people liked soft material.  Yeah.  Yeah.  Standard?  Nah, um n no, I don't think so.  M Hmm.  Or black and yellow.  Yeah.  Uh didn't did we inc uh include the digi digits or uh leave them to the speech recognition?",,
HT1CCSdC2hchZ9loiAlv,nfrReqs,NFR-001: [Performance] - The system shall be manufactured for a cost below twelve fifty.,1,transcript,['A1Vqd8jhean00ytmh17C'],SUPPORTS,Auto-annotated with 1 source(s) from Firestore,"Are we gonna buy a um a remote control uh when you can uh use it?  So um Yeah.  We m uh we must um stay below the um below um twelve uh fifty or Can't uh go um Nay.  Is it impossible to But it is possible to make one uh for uh twelve fifty.  I don't think so.  S Yeah.  But, you can't use uh Yeah.  But we want to make a uh so uh uh fancy and a good uh Yeah.  Uh, wi with n Oh, with uh attractive uh o options.  So uh, you can stay uh below uh twelve fifty.  So Scroll-wheel's one.  No, it Yeah.  Yeah.  Mm.  D yeah.  Hmm.  Ja ja.  Yeah, or we have to uh skip the subtitle uh button.  So Yeah Yeah it's a big advantage.  But um, it's Uh, yeah.  Yeah.  Yeah.  But if you push the teletext button twice It's uh One m uh one b uh, a few buttons.  Yeah.  Hmm.  Yeah.  Uh yeah.",,
HT1CCSdC2hchZ9loiAlv,nfrReqs,NFR-002: [Usability] - The remote control shall be designed for use only with television to maintain simplicity.,1,transcript,['2ckTmYamcWjAOspM8yTy'],SUPPORTS,Auto-annotated with 1 source(s) from Firestore,"Um also uh the remote control should be used only for television, because incorporating other features um makes it more comp complex.  And the reason why teletext is outdated because uh of internet and uh the availability of internet over television.  How however, our our remote control would only be dealing uh with the the use for television, in order to keep things simple.  Um also the management wants that um our design should be unique uh it so it should incorporate um colour and the slogan uh that our company um has it as its standard.  Okay, so he he here is a functional overview of the remote control.  Um there's basically an energy source at the heart uh which feeds into the chip and the user interface.",,
HT1CCSdC2hchZ9loiAlv,nfrReqs,NFR-003: [Usability] - The remote control shall have a fancy look and feel.,1,transcript,['Us5EvCUEcHULye8tgGKq'],SUPPORTS,Auto-annotated with 1 source(s) from Firestore,"I think Well, according to the to the report people are more interested in in a fa fancy look and feel and in a technological inno in innovation, so, I will give more importance to the look and feel than rather than the new inputs and also it's I'm not convinced about this L_C_D_ because you need uh internet connection, you need more things, it's not just buying a new control re remote, you need buying control remote, buying uh more things.  It's not so simple.  For instance, yeah.  Yeah for for for given an an example yeah.  Yeah no, it's what I already said.  Yeah but you can u Yeah but the can we use it for saying okay, channel fifty, channel twenty?  M Mando.  Banana-mando yeah.  Looks like a tr look likes a a tro a tropical fruit.  Yeah.  What's a turbo button?",,
HT1CCSdC2hchZ9loiAlv,nfrReqs,"NFR-004: [Usability] - The remote control shall have a biomorphic, comfy, and roundy shape.",1,transcript,['ovjDvPFiksQiBxbZ9Lvx'],SUPPORTS,Auto-annotated with 1 source(s) from Firestore,"Um, next slide please.  Okay, now the things that I was thinking and th my wish list has really been realised in this prototype.  I wanted the shape to be biomorphic, I didn't want anything with angles and all square, I wanted it to be comfy and roundy so we we've got that.  The size is small, the colour's bright and warm which is what we wanted.  We wanted the feel to be as soft as possible, we'll have the soft buttons and the way this is shaped, even though it's gonna be hard plastic, it feels good in your hand so that's nice.  And functionality I put last on my list because people aren't going to use it before they buy it.  So paradoxically the other features, in other words, the look, the feel um and the shape, that's what people are gonna get in the store.",,
HT1CCSdC2hchZ9loiAlv,nfrReqs,NFR-005: [Usability] - The remote control shall utilize soft materials to provide a comfortable feel.,1,transcript,['fXTTBY5twSI4HspfL5aB'],SUPPORTS,Auto-annotated with 1 source(s) from Firestore,"But since we're conten concentrating on uh the younger group, I think we should use soft materials and uh make it colourful or uh like cell phones, exch exchangeable covers.  So we could provide both for the young and the old what they like.  I've seen it, but 'Kay.  Uh that's about it.  Yes.  Uh soft material.  Uh the fancy look and feel.  Yes.  Apparently.  Yeah.  Um Uh well, it's obvious obviously new.  So it might attract uh the young customers.  Hmm.  And yeah, the yeah, the older people liked wood.  No the Yeah, the younger people liked soft material.  Yeah.  Yeah.  Standard?  Nah, um n no, I don't think so.  M Hmm.  Or black and yellow.  Yeah.  Uh didn't did we inc uh include the digi digits or uh leave them to the speech recognition?",,
HT1CCSdC2hchZ9loiAlv,nfrReqs,NFR-006: [Usability] - The remote control shall be small in size.,1,transcript,['ZNsJC0JAY0QtNSfbam2N'],SUPPORTS,Auto-annotated with 1 source(s) from Firestore,"They don't have a television in the store, they can't play with it.  Um so they'll be our main selling points.  So um th those have been fulfilled by your prototype and go ahead to the next slide please.  Okay, so um the shape um I think is a a one.  That's really, really excellent shape.  The size is small um and th these points are in the importance for the, for the marketing, these aren't i in how I feel.  I think that it's I think that it's plenty small enough to sell but I think we're sort of right the scale is one to seven.  I think we're sort of right in the middle as far as c other competitors.  And our colour I think is great.  The colours are bright and warm and we really do great job there.  And given um the constraints that we had I think we got it as soft as possible.",,
HT1CCSdC2hchZ9loiAlv,nfrReqs,NFR-007: [Usability] - The remote control design shall be unique and incorporate color and a slogan.,1,transcript,['2ckTmYamcWjAOspM8yTy'],SUPPORTS,Auto-annotated with 1 source(s) from Firestore,"Um also uh the remote control should be used only for television, because incorporating other features um makes it more comp complex.  And the reason why teletext is outdated because uh of internet and uh the availability of internet over television.  How however, our our remote control would only be dealing uh with the the use for television, in order to keep things simple.  Um also the management wants that um our design should be unique uh it so it should incorporate um colour and the slogan uh that our company um has it as its standard.  Okay, so he he here is a functional overview of the remote control.  Um there's basically an energy source at the heart uh which feeds into the chip and the user interface.",,
HT1CCSdC2hchZ9loiAlv,nfrReqs,NFR-008: [Performance] - The remote control shall utilize an advanced chip.,1,transcript,['pFVNr6UeeQLObeykjVvI'],SUPPORTS,Auto-annotated with 1 source(s) from Firestore,"Okay so what we have to decide is what kind of components do we use?  Uh energy source, chip type, case type.  And user interface.  But I didn't see a clear distinction between these so I think what we have is okay.  So we only, we already decided that kinetic would be the choice for energy.  Uh the case would be doubly curved.  So Rubber material.  And that's the only thing we have left.  Oh okay.  No it's easy.  Advanced chip.  Okay.  Too.  Uh I didn't get any info on this.  So Yeah.  I have total here.  Yeah I don't know.  I didn't get any information about that so Yeah.  Who doesn't.  Uh let's see.  Is there a new thing?  Yeah the interface, maybe can Ooh.  No.  Uh do you have a picture of doubly curved case?  And could you put that in the group folder?  Of the project folder.",,
uWizg6dPOrKJoQD7i1iA,functionalReqs,FR-001: The system shall support special colors for the case material.,1,transcript,['5AkCEgwSEHWg6qFB4Qma'],SUPPORTS,Auto-annotated with 1 source(s) from Firestore,"Uh but, yes but That's just for the case material, so special colours though, we having that, right?  And then we have to interface push buttons.  Scroll wheel, no.  Integrated scroll wheel, L_C_ display?  Button.  No.  Uh, button supplement special colour?  Special form?  And special material, rubber, wood, yes.  Okay.  Total seven point six whatever that means.  That's the price.  Mm?  Eight, eight point two.  That's hmm?  Eight point two, right?  So, we looks like we are well within budget.  Okay.  I guess I should save this I suppose, huh?  Oops.  Uh-huh huh huh.  I just tried that.  My documents, computer.  My compu Ah oh here it is, yes.  Okay, fine.  Save.  Okay good, so that's the good news.  We gonna be popular.  Um.  So that uh I think financing was pretty simple.",,
uWizg6dPOrKJoQD7i1iA,functionalReqs,FR-002: The system shall include push buttons as an interface.,1,transcript,['5AkCEgwSEHWg6qFB4Qma'],SUPPORTS,Auto-annotated with 1 source(s) from Firestore,"Uh but, yes but That's just for the case material, so special colours though, we having that, right?  And then we have to interface push buttons.  Scroll wheel, no.  Integrated scroll wheel, L_C_ display?  Button.  No.  Uh, button supplement special colour?  Special form?  And special material, rubber, wood, yes.  Okay.  Total seven point six whatever that means.  That's the price.  Mm?  Eight, eight point two.  That's hmm?  Eight point two, right?  So, we looks like we are well within budget.  Okay.  I guess I should save this I suppose, huh?  Oops.  Uh-huh huh huh.  I just tried that.  My documents, computer.  My compu Ah oh here it is, yes.  Okay, fine.  Save.  Okay good, so that's the good news.  We gonna be popular.  Um.  So that uh I think financing was pretty simple.",,
uWizg6dPOrKJoQD7i1iA,functionalReqs,FR-003: The system shall support special colors for buttons.,1,transcript,['5AkCEgwSEHWg6qFB4Qma'],SUPPORTS,Auto-annotated with 1 source(s) from Firestore,"Uh but, yes but That's just for the case material, so special colours though, we having that, right?  And then we have to interface push buttons.  Scroll wheel, no.  Integrated scroll wheel, L_C_ display?  Button.  No.  Uh, button supplement special colour?  Special form?  And special material, rubber, wood, yes.  Okay.  Total seven point six whatever that means.  That's the price.  Mm?  Eight, eight point two.  That's hmm?  Eight point two, right?  So, we looks like we are well within budget.  Okay.  I guess I should save this I suppose, huh?  Oops.  Uh-huh huh huh.  I just tried that.  My documents, computer.  My compu Ah oh here it is, yes.  Okay, fine.  Save.  Okay good, so that's the good news.  We gonna be popular.  Um.  So that uh I think financing was pretty simple.",,
uWizg6dPOrKJoQD7i1iA,functionalReqs,FR-004: The system shall support special forms for buttons.,1,transcript,['5AkCEgwSEHWg6qFB4Qma'],SUPPORTS,Auto-annotated with 1 source(s) from Firestore,"Uh but, yes but That's just for the case material, so special colours though, we having that, right?  And then we have to interface push buttons.  Scroll wheel, no.  Integrated scroll wheel, L_C_ display?  Button.  No.  Uh, button supplement special colour?  Special form?  And special material, rubber, wood, yes.  Okay.  Total seven point six whatever that means.  That's the price.  Mm?  Eight, eight point two.  That's hmm?  Eight point two, right?  So, we looks like we are well within budget.  Okay.  I guess I should save this I suppose, huh?  Oops.  Uh-huh huh huh.  I just tried that.  My documents, computer.  My compu Ah oh here it is, yes.  Okay, fine.  Save.  Okay good, so that's the good news.  We gonna be popular.  Um.  So that uh I think financing was pretty simple.",,
uWizg6dPOrKJoQD7i1iA,functionalReqs,"FR-005: The system shall support special materials for buttons, such as rubber or wood.",1,transcript,['5AkCEgwSEHWg6qFB4Qma'],SUPPORTS,Auto-annotated with 1 source(s) from Firestore,"Uh but, yes but That's just for the case material, so special colours though, we having that, right?  And then we have to interface push buttons.  Scroll wheel, no.  Integrated scroll wheel, L_C_ display?  Button.  No.  Uh, button supplement special colour?  Special form?  And special material, rubber, wood, yes.  Okay.  Total seven point six whatever that means.  That's the price.  Mm?  Eight, eight point two.  That's hmm?  Eight point two, right?  So, we looks like we are well within budget.  Okay.  I guess I should save this I suppose, huh?  Oops.  Uh-huh huh huh.  I just tried that.  My documents, computer.  My compu Ah oh here it is, yes.  Okay, fine.  Save.  Okay good, so that's the good news.  We gonna be popular.  Um.  So that uh I think financing was pretty simple.",,
uWizg6dPOrKJoQD7i1iA,functionalReqs,"FR-006: The system shall operate in three display modes: local display only, remote display only, and both displays simultaneously.",1,transcript,['8btf54J7L2QHIrzQesIY'],SUPPORTS,Auto-annotated with 1 source(s) from Firestore,"There we go, there we go.  Oh, if you press if you press function and that again there's there's usually three modes, one where it's only here, one where it's only there, and one where it's both.  Okay, so one more time.  Should yeah just wait for a moment, adjusting.  Okay.  Mm-hmm.  Mm-hmm.  Mm-hmm.  Mm-hmm.  Yeah.  If I mean that was the the directive that came through from management, but if we had a a decent case for that we really think it's important to include video and D_V_D_, I could get back to them and see.  It's w it's just whether it's worth arguing about.  Mm-hmm.  Yeah.  Mm-hmm.  Okay.  Are there any questions for clarification of Maarika before we go on to the next one?  Mm-hmm.  Mm.  Mm.  Mm-hmm.  Sure, we can discuss that maybe after the next one.  Do you want to yeah.",,
uWizg6dPOrKJoQD7i1iA,functionalReqs,FR-007: The system shall include video functionality.,1,transcript,['8btf54J7L2QHIrzQesIY'],SUPPORTS,Auto-annotated with 1 source(s) from Firestore,"There we go, there we go.  Oh, if you press if you press function and that again there's there's usually three modes, one where it's only here, one where it's only there, and one where it's both.  Okay, so one more time.  Should yeah just wait for a moment, adjusting.  Okay.  Mm-hmm.  Mm-hmm.  Mm-hmm.  Mm-hmm.  Yeah.  If I mean that was the the directive that came through from management, but if we had a a decent case for that we really think it's important to include video and D_V_D_, I could get back to them and see.  It's w it's just whether it's worth arguing about.  Mm-hmm.  Yeah.  Mm-hmm.  Okay.  Are there any questions for clarification of Maarika before we go on to the next one?  Mm-hmm.  Mm.  Mm.  Mm-hmm.  Sure, we can discuss that maybe after the next one.  Do you want to yeah.",,
uWizg6dPOrKJoQD7i1iA,functionalReqs,FR-008: The system shall include DVD functionality.,1,transcript,['8btf54J7L2QHIrzQesIY'],PARTIALLY,Auto-annotated with 1 source(s) from Firestore,"There we go, there we go.  Oh, if you press if you press function and that again there's there's usually three modes, one where it's only here, one where it's only there, and one where it's both.  Okay, so one more time.  Should yeah just wait for a moment, adjusting.  Okay.  Mm-hmm.  Mm-hmm.  Mm-hmm.  Mm-hmm.  Yeah.  If I mean that was the the directive that came through from management, but if we had a a decent case for that we really think it's important to include video and D_V_D_, I could get back to them and see.  It's w it's just whether it's worth arguing about.  Mm-hmm.  Yeah.  Mm-hmm.  Okay.  Are there any questions for clarification of Maarika before we go on to the next one?  Mm-hmm.  Mm.  Mm.  Mm-hmm.  Sure, we can discuss that maybe after the next one.  Do you want to yeah.",,
uWizg6dPOrKJoQD7i1iA,functionalReqs,FR-009: The system shall utilize an advanced chip for its electronics.,1,transcript,['0oOcKK2v8UIAX4APG9gX'],SUPPORTS,Auto-annotated with 1 source(s) from Firestore,"Yeah, maybe we wanna decide on what electronics to use the advanced chip I think is easiest to implement uh for the production, 'cause they they can print it better.  Um Yeah.  I think this is about it.  Yeah I was working on some per personal preferences.  I first uh chose for the battery, 'cause yeah I'm traditional and that's the most obvious, easiest choice to go to.  But I really think that we should maybe uh think about the kinetic energy, where you have to move the thing to be able to use it.  Yeah maybe we I can imagine that the kinetic uh type energy source would be more expensive to make.  But it is more longlasting, that the people don't have to ever buy batteries again.  And it's also more fun yeah.  I always chuck my uh remote control around, so Yeah y exactly.",,
uWizg6dPOrKJoQD7i1iA,functionalReqs,FR-010: The system shall be powered by a battery.,1,transcript,['0oOcKK2v8UIAX4APG9gX'],SUPPORTS,Auto-annotated with 1 source(s) from Firestore,"Yeah, maybe we wanna decide on what electronics to use the advanced chip I think is easiest to implement uh for the production, 'cause they they can print it better.  Um Yeah.  I think this is about it.  Yeah I was working on some per personal preferences.  I first uh chose for the battery, 'cause yeah I'm traditional and that's the most obvious, easiest choice to go to.  But I really think that we should maybe uh think about the kinetic energy, where you have to move the thing to be able to use it.  Yeah maybe we I can imagine that the kinetic uh type energy source would be more expensive to make.  But it is more longlasting, that the people don't have to ever buy batteries again.  And it's also more fun yeah.  I always chuck my uh remote control around, so Yeah y exactly.",,
uWizg6dPOrKJoQD7i1iA,functionalReqs,FR-011: The system shall support kinetic energy harvesting for power.,1,transcript,['0oOcKK2v8UIAX4APG9gX'],SUPPORTS,Auto-annotated with 1 source(s) from Firestore,"Yeah, maybe we wanna decide on what electronics to use the advanced chip I think is easiest to implement uh for the production, 'cause they they can print it better.  Um Yeah.  I think this is about it.  Yeah I was working on some per personal preferences.  I first uh chose for the battery, 'cause yeah I'm traditional and that's the most obvious, easiest choice to go to.  But I really think that we should maybe uh think about the kinetic energy, where you have to move the thing to be able to use it.  Yeah maybe we I can imagine that the kinetic uh type energy source would be more expensive to make.  But it is more longlasting, that the people don't have to ever buy batteries again.  And it's also more fun yeah.  I always chuck my uh remote control around, so Yeah y exactly.",,
uWizg6dPOrKJoQD7i1iA,functionalReqs,FR-012: The system shall have a double-curved design.,1,transcript,['AQzCWZS3HdDHYNxJwQ9Z'],SUPPORTS,Auto-annotated with 1 source(s) from Firestore,"And this is, this is with the curved that I mean.  Yeah.  Yeah?  A compromise between what?  This, this would be uh single curved uh?  Yeah.  Yeah.  Exactly.  Exactly.  I think the I mean our aim is to make something different right?  To make something new.  I would go for the double curved.  And I I'm I'm thinking uh you know uh a drawing palette, where you have the shape for your thumb.  So it kind of holds nicely, something like that.  Well this is really your decision but Yeah.  As well.  You can make a trigger button or something like that.  Yeah or that that is the confirmation button or something, that you scroll with your thumb, with the arrows, and then confirm.",,
uWizg6dPOrKJoQD7i1iA,functionalReqs,FR-013: The system shall feature a shape designed for thumb placement.,1,transcript,['AQzCWZS3HdDHYNxJwQ9Z'],SUPPORTS,Auto-annotated with 1 source(s) from Firestore,"And this is, this is with the curved that I mean.  Yeah.  Yeah?  A compromise between what?  This, this would be uh single curved uh?  Yeah.  Yeah.  Exactly.  Exactly.  I think the I mean our aim is to make something different right?  To make something new.  I would go for the double curved.  And I I'm I'm thinking uh you know uh a drawing palette, where you have the shape for your thumb.  So it kind of holds nicely, something like that.  Well this is really your decision but Yeah.  As well.  You can make a trigger button or something like that.  Yeah or that that is the confirmation button or something, that you scroll with your thumb, with the arrows, and then confirm.",,
uWizg6dPOrKJoQD7i1iA,functionalReqs,FR-014: The system shall include a closing mechanism that covers the LCD screen.,1,transcript,['3clzuC9DCNkYyUIpLdmy'],SUPPORTS,Auto-annotated with 1 source(s) from Firestore,"So w w Oh Activate and th the yeah.  True.  True.  But you can make a, yeah, you can make a trigger here.  You know a simple uh with a Yeah.  Exactly.  Well yeah the the idea of it was, is that because you close it, you cover the L_C_D_ screen and it won't be vulnerable to scratches or whatever.  And Exactly.  Exactly.  We just have to make sure that the closing mechanism won't break.  Th it's very solid yeah.  That actually will offer some extra protection for the Yeah.  Yeah I was thinking, if if you have your hand, it this is your th Okay.  If this is your thumb, and this is your hand like that.  With your uh wrist.  That you, that it would be kind of shape like this, you know.  So it's easier to hold in your hand, to y f Uh yeah.  Yeah of course.",,
uWizg6dPOrKJoQD7i1iA,functionalReqs,FR-015: The system shall have buttons that illuminate with color.,1,transcript,['6rJBSGKEBOTWbHA97aXJ'],SUPPORTS,Auto-annotated with 1 source(s) from Firestore,"So that the whole button will shine as the colour the And if you think about easy to use buttons, we have to, well we have to make it the shape so that it's easy to hold f for both hands, but also that you can reach the buttons with your thumb, if you hold the machine.  Ah, right.  So we're gonna work here?  On this sketchboard?  Alright.  Thanks.  Alright.  Thirty minutes.  Alright.  Yeah.  Shall we uh make a new uh Yeah, I just make a new one.  Alright.  Huh?  Yeah I'll just I'll just keep it there.  Yeah.  Uh sorry.  Okay.  Current colour?  So um Shall we make some outline sketches of the basic shape first?  Because I I Yeah 'cause I have to uh focus on the on the basic look-and-feel design.  So how it's gonna look.",,
uWizg6dPOrKJoQD7i1iA,functionalReqs,FR-016: The system shall be shaped to be easy to hold with both hands.,1,transcript,['6rJBSGKEBOTWbHA97aXJ'],SUPPORTS,Auto-annotated with 1 source(s) from Firestore,"So that the whole button will shine as the colour the And if you think about easy to use buttons, we have to, well we have to make it the shape so that it's easy to hold f for both hands, but also that you can reach the buttons with your thumb, if you hold the machine.  Ah, right.  So we're gonna work here?  On this sketchboard?  Alright.  Thanks.  Alright.  Thirty minutes.  Alright.  Yeah.  Shall we uh make a new uh Yeah, I just make a new one.  Alright.  Huh?  Yeah I'll just I'll just keep it there.  Yeah.  Uh sorry.  Okay.  Current colour?  So um Shall we make some outline sketches of the basic shape first?  Because I I Yeah 'cause I have to uh focus on the on the basic look-and-feel design.  So how it's gonna look.",,
uWizg6dPOrKJoQD7i1iA,functionalReqs,FR-017: The system's buttons shall be reachable by the thumb when the system is held.,1,transcript,['6rJBSGKEBOTWbHA97aXJ'],SUPPORTS,Auto-annotated with 1 source(s) from Firestore,"So that the whole button will shine as the colour the And if you think about easy to use buttons, we have to, well we have to make it the shape so that it's easy to hold f for both hands, but also that you can reach the buttons with your thumb, if you hold the machine.  Ah, right.  So we're gonna work here?  On this sketchboard?  Alright.  Thanks.  Alright.  Thirty minutes.  Alright.  Yeah.  Shall we uh make a new uh Yeah, I just make a new one.  Alright.  Huh?  Yeah I'll just I'll just keep it there.  Yeah.  Uh sorry.  Okay.  Current colour?  So um Shall we make some outline sketches of the basic shape first?  Because I I Yeah 'cause I have to uh focus on the on the basic look-and-feel design.  So how it's gonna look.",,
uWizg6dPOrKJoQD7i1iA,functionalReqs,FR-018: The system shall feature a fruit and vegetable design.,1,transcript,['exQSdJDsVsaR9XW5EAuX'],SUPPORTS,Auto-annotated with 1 source(s) from Firestore,"To do that uh maybe one or two features should be developed on which we could dwell on or in other words on which our campaign could be built on.  Too many new features or too many points would only confuse matter.  So we prefer to have one or two features that can be really uh driven home.  Um it should have a fruit and vegetable design and should have a soft feel.  She feels that's really what people want today.  And the decision that we took last time was that uh the special feature we would like to see is a speech recogniser, the energy should be battery uh should be on a chip, should be trendy design, compact and strong, and should have buttons.  And that concludes the presentation from the last minutes from the last meeting.  Now uh we are ready for the presentation of the prototype.",,
uWizg6dPOrKJoQD7i1iA,nfrReqs,NFR-001: [Usability] - The system shall feature special colors.,1,transcript,['5AkCEgwSEHWg6qFB4Qma'],SUPPORTS,Auto-annotated with 1 source(s) from Firestore,"Uh but, yes but That's just for the case material, so special colours though, we having that, right?  And then we have to interface push buttons.  Scroll wheel, no.  Integrated scroll wheel, L_C_ display?  Button.  No.  Uh, button supplement special colour?  Special form?  And special material, rubber, wood, yes.  Okay.  Total seven point six whatever that means.  That's the price.  Mm?  Eight, eight point two.  That's hmm?  Eight point two, right?  So, we looks like we are well within budget.  Okay.  I guess I should save this I suppose, huh?  Oops.  Uh-huh huh huh.  I just tried that.  My documents, computer.  My compu Ah oh here it is, yes.  Okay, fine.  Save.  Okay good, so that's the good news.  We gonna be popular.  Um.  So that uh I think financing was pretty simple.",,
uWizg6dPOrKJoQD7i1iA,nfrReqs,NFR-002: [Usability] - The system shall incorporate special materials such as rubber or wood.,1,transcript,['5AkCEgwSEHWg6qFB4Qma'],SUPPORTS,Auto-annotated with 1 source(s) from Firestore,"Uh but, yes but That's just for the case material, so special colours though, we having that, right?  And then we have to interface push buttons.  Scroll wheel, no.  Integrated scroll wheel, L_C_ display?  Button.  No.  Uh, button supplement special colour?  Special form?  And special material, rubber, wood, yes.  Okay.  Total seven point six whatever that means.  That's the price.  Mm?  Eight, eight point two.  That's hmm?  Eight point two, right?  So, we looks like we are well within budget.  Okay.  I guess I should save this I suppose, huh?  Oops.  Uh-huh huh huh.  I just tried that.  My documents, computer.  My compu Ah oh here it is, yes.  Okay, fine.  Save.  Okay good, so that's the good news.  We gonna be popular.  Um.  So that uh I think financing was pretty simple.",,
uWizg6dPOrKJoQD7i1iA,nfrReqs,"NFR-003: [Usability] - The system shall have a shape designed for thumb ergonomics, allowing it to be held nicely.",1,transcript,['AQzCWZS3HdDHYNxJwQ9Z'],SUPPORTS,Auto-annotated with 1 source(s) from Firestore,"And this is, this is with the curved that I mean.  Yeah.  Yeah?  A compromise between what?  This, this would be uh single curved uh?  Yeah.  Yeah.  Exactly.  Exactly.  I think the I mean our aim is to make something different right?  To make something new.  I would go for the double curved.  And I I'm I'm thinking uh you know uh a drawing palette, where you have the shape for your thumb.  So it kind of holds nicely, something like that.  Well this is really your decision but Yeah.  As well.  You can make a trigger button or something like that.  Yeah or that that is the confirmation button or something, that you scroll with your thumb, with the arrows, and then confirm.",,
uWizg6dPOrKJoQD7i1iA,nfrReqs,NFR-004: [Usability] - The system shall allow users to reach buttons with their thumb while holding the machine.,1,transcript,['6rJBSGKEBOTWbHA97aXJ'],SUPPORTS,Auto-annotated with 1 source(s) from Firestore,"So that the whole button will shine as the colour the And if you think about easy to use buttons, we have to, well we have to make it the shape so that it's easy to hold f for both hands, but also that you can reach the buttons with your thumb, if you hold the machine.  Ah, right.  So we're gonna work here?  On this sketchboard?  Alright.  Thanks.  Alright.  Thirty minutes.  Alright.  Yeah.  Shall we uh make a new uh Yeah, I just make a new one.  Alright.  Huh?  Yeah I'll just I'll just keep it there.  Yeah.  Uh sorry.  Okay.  Current colour?  So um Shall we make some outline sketches of the basic shape first?  Because I I Yeah 'cause I have to uh focus on the on the basic look-and-feel design.  So how it's gonna look.",,
uWizg6dPOrKJoQD7i1iA,nfrReqs,NFR-005: [Usability] - The system shall have a soft feel.,1,transcript,['exQSdJDsVsaR9XW5EAuX'],SUPPORTS,Auto-annotated with 1 source(s) from Firestore,"To do that uh maybe one or two features should be developed on which we could dwell on or in other words on which our campaign could be built on.  Too many new features or too many points would only confuse matter.  So we prefer to have one or two features that can be really uh driven home.  Um it should have a fruit and vegetable design and should have a soft feel.  She feels that's really what people want today.  And the decision that we took last time was that uh the special feature we would like to see is a speech recogniser, the energy should be battery uh should be on a chip, should be trendy design, compact and strong, and should have buttons.  And that concludes the presentation from the last minutes from the last meeting.  Now uh we are ready for the presentation of the prototype.",,
uWizg6dPOrKJoQD7i1iA,nfrReqs,NFR-006: [Usability] - The system shall exhibit high learnability.,1,transcript,['h6D7rl4ybN0PJzqBwqhA'],SUPPORTS,Auto-annotated with 1 source(s) from Firestore,"Five more minutes?  Okay.  'Kay so I did some literature study study, and analysis of the requirements we set up earlier.  Translated it into criteria, which would be these.  Um, is the remote fancy?  The shape, look and feel.  Innovative?  What new functions are there?  Uh, easy to use?  Uh, learnability is a very important factor here.  Uh, is it functional?  Are there not too many functions uh among the functions?  And are the those functions that are there, are they useful?  And the cost.  The target group.  Is the remote really for the group we're making it for?  And recognability.  If our company is If it is easily recognisable that our company made it?  And So we're supposed to evaluate it right now.  Let's see.",,
uWizg6dPOrKJoQD7i1iA,nfrReqs,"NFR-007: [Availability] - The system shall protect the LCD screen from scratches when closed, ensuring its continued operability.",1,transcript,['3clzuC9DCNkYyUIpLdmy'],SUPPORTS,Auto-annotated with 1 source(s) from Firestore,"So w w Oh Activate and th the yeah.  True.  True.  But you can make a, yeah, you can make a trigger here.  You know a simple uh with a Yeah.  Exactly.  Well yeah the the idea of it was, is that because you close it, you cover the L_C_D_ screen and it won't be vulnerable to scratches or whatever.  And Exactly.  Exactly.  We just have to make sure that the closing mechanism won't break.  Th it's very solid yeah.  That actually will offer some extra protection for the Yeah.  Yeah I was thinking, if if you have your hand, it this is your th Okay.  If this is your thumb, and this is your hand like that.  With your uh wrist.  That you, that it would be kind of shape like this, you know.  So it's easier to hold in your hand, to y f Uh yeah.  Yeah of course.",,
uWizg6dPOrKJoQD7i1iA,nfrReqs,"NFR-008: [Availability] - The closing mechanism shall be very solid and not break, ensuring reliable operation.",1,transcript,['3clzuC9DCNkYyUIpLdmy'],SUPPORTS,Auto-annotated with 1 source(s) from Firestore,"So w w Oh Activate and th the yeah.  True.  True.  But you can make a, yeah, you can make a trigger here.  You know a simple uh with a Yeah.  Exactly.  Well yeah the the idea of it was, is that because you close it, you cover the L_C_D_ screen and it won't be vulnerable to scratches or whatever.  And Exactly.  Exactly.  We just have to make sure that the closing mechanism won't break.  Th it's very solid yeah.  That actually will offer some extra protection for the Yeah.  Yeah I was thinking, if if you have your hand, it this is your th Okay.  If this is your thumb, and this is your hand like that.  With your uh wrist.  That you, that it would be kind of shape like this, you know.  So it's easier to hold in your hand, to y f Uh yeah.  Yeah of course.",,
