doc_id,req_i_idx,req_j_idx,req_i,req_j,cosine_sim,final_verdict,conflict_type,notes
0000 - gamma j,74,93,Customer must have item(s) in the shopping cart.,Add Item To Cart    Goal:  Customer adds item(s) in the cart    Actors:  Customer  System    Preconditions:   The customer must be logged-in on the system.,0.627,NO,NONE,Confidence: 0.90 | Requirement A states a mandatory condition or desired system state: 'Customer must have item(s) in t
0000 - gamma j,86,90,Actors:  Sales Person  Weborder System    Preconditions:  Sales Person must be able to access the weborder system via a web browser with HTTPS.,Actors:  Customer  Weborder System    Preconditions:  Customer account must already be registered.,0.745,NO,NONE,Confidence: 1.00 | Requirement A specifies a precondition for a 'Sales Person' related to the technical access method (
0000 - gamma j,84,88,Actors:  Sales Person  Weborder System    Preconditions:  Sales Person account must already be registered.,Actors:  Sales Person  Weborder System    Preconditions:  Sales Person must be able to access the weborder system via a web browser with HTTPS.,0.808,NO,NONE,Confidence: 1.00 | Requirement A states that a Sales Person's account must be registered. Requirement B states that a S
0000 - gamma j,80,81,Actors:  Administrator  Weborder System    Preconditions:  Administrator must be able to access the weborder system via a web browser with HTTPS.,Actors:  Administrator  Weborder System    GAMMA-J Web Store   33   Preconditions:  Administrator must be able to access the weborder system via a web browser with HTTPS.,0.883,YES,OVERLAP,Confidence: 1.00 | Both requirements describe the exact same precondition: 'Administrator must be able to access the we
0000 - gamma j,88,89,Actors:  Sales Person  Weborder System    Preconditions:  Sales Person must be able to access the weborder system via a web browser with HTTPS.,Actors:  Customer  Weborder System    Preconditions:  Customer must be able to access the weborder system via a web browser with HTTPS.,0.947,NO,NONE,Confidence: 1.00 | Requirement A specifies a precondition for 'Sales Persons' to access the weborder system via HTTPS. 
2001 - beyond,57,61,"If the au tomation thinks that for the current  situation a different pres entation may be more efficient, it may suggest an  adaptation that has to be agreed upon by the pilot.","In the case of self-adaptat ion, the pilot shall always be offered the  opportunity to overrule the adaptation.",0.597,NO,NONE,Confidence: 1.00 | Requirement A states that any suggested adaptation from automation 'has to be agreed upon by the pil
2001 - beyond,57,67,"If the au tomation thinks that for the current  situation a different pres entation may be more efficient, it may suggest an  adaptation that has to be agreed upon by the pilot.","Special interest will be given to the af orementioned issue that the adaptation should  leave the pilot in command, and should  be non-intrusive.",0.748,YES,OVERLAP,Confidence: 0.90 | Requirement A states that an adaptation suggested by the automation 'has to be agreed upon by the pi
2001 - beyond,31,33,For the User Interface Editor:  • The UI Editor should allow flexible creati on and modification of the user interface  of the Vetronics application.,"• The UI Editor should be ab le to communicate with the Vetronics hardware, to  download the developed UI to the Vetr onics system for real use.",0.756,NO,NONE,Confidence: 1.00 | Requirement A focuses on the UI Editor's capability for creating and modifying user interfaces (desi
2001 - beyond,28,39,• The software structure of the firmw are should be suitable for adding a ‘UI- interpreter’ (to inte rprete and visualize the UI code generated by the UI Editor; so  a very important component in this,• The software structure of the firmw are should be suitable for adding a ‘UI- interpreter’ (to interpret and visualize t he UI code generated by the UI Editor).,0.927,YES,OVERLAP,Confidence: 1.00 | Both Requirement A and Requirement B specify the exact same core constraint: that the software struc
2001 - elsfork,24,25,Ti me stamped data shall be stamped with ‘last  updated date + time’ (UTC time).,The accuracy and resolution of the timestamp should be  at least 10 ms.,0.523,NO,NONE,"Confidence: 1.00 | Requirement A defines the *content* and *timezone* of the timestamp ('last updated date + time', UTC"
2001 - elsfork,65,73,The values shall be available for display on operator HMI as well as for stor- age (databases).,Counters  shall be available for display on operator HMI as  well as for storage (databases).,0.744,YES,OVERLAP,Confidence: 0.90 | Requirement A specifies that 'the values' shall be available for display and storage. Requirement B 
2001 - elsfork,16,65,The values shall be available for display on ope rator HMI as well as for storage (databases).,The values shall be available for display on operator HMI as well as for stor- age (databases).,0.792,YES,OVERLAP,Confidence: 1.00 | Both Requirement A and Requirement B describe precisely the same functionality: that 'values' shall 
2001 - elsfork,16,58,The values shall be available for display on ope rator HMI as well as for storage (databases).,The values shall be ava ilable for display on operator HMI as well as for  storage (databases).,0.826,YES,OVERLAP,Confidence: 1.00 | Both Requirement A and Requirement B specify the exact same core functionality: that 'values' shall 
2001 - elsfork,83,87,Transfer of data  in the buffers shall be carried out without syn- chronism with real-time.,Transfer of data in  the buffers shall be carried out without synchronism with real-time.,0.902,YES,OVERLAP,Confidence: 1.00 | The two requirements are identical in both wording and semantic meaning. They describe the exact sam
2002 - sce api,10,32,These two macros are mutually associated by the  ClockNum  parameter and every SceMiClockPort  macro must have a minimum of one  SceMiClockControl  macro associated with it.,"During the assertion of Creset , Cclock  edges shall be forced regardless of the state of the  ReadyForCclock  inputs to the SceMiClockControl  macros.",0.542,NO,NONE,Confidence: 1.00 | Requirement A defines structural associations and cardinality rules for `SceMiClockPort` and `SceMiC
2002 - sce api,64,78,"4.3.3.3 Shutdown static void SceMi::Shutdown( SceMi *sceMi, SceMiEC *ec=NULL ); This is the destructor of the SCE-MI infrastructure object that must be called when connection to the  interface is to b",Destruction of all message input ports shall automatically  occur when the SceMi::ShutDown()  function is called.,0.693,NO,NONE,Confidence: 1.00 | Requirement A defines the SceMi::Shutdown function as the destructor for the SCE-MI infrastructure o
2002 - sce api,9,10,"This  SceMiClockPort  macro instance will, via a set of parameters, fully characterize a particular clock.",These two macros are mutually associated by the  ClockNum  parameter and every SceMiClockPort  macro must have a minimum of one  SceMiClockControl  macro associated with it.,0.792,NO,NONE,Confidence: 1.00 | Requirement A describes the functionality of the 'SceMiClockPort' macro (characterizing a clock). Re
2002 - sce api,10,37,These two macros are mutually associated by the  ClockNum  parameter and every SceMiClockPort  macro must have a minimum of one  SceMiClockControl  macro associated with it.,Multi-Clock Alignment 4.1.5SceMiClockControl  Macro For every SceMiClockPort  macro instance there must be at least one counterpart SceMiClockControl   macro instance presumably encapsulated in a tran,0.824,YES,OVERLAP,Confidence: 1.00 | Both Requirement A (specifically its second clause: 'every SceMiClockPort macro must have a minimum 
2002 - sce api,43,45,"In reacting to a ReadyForCclock of a  slower clock, the infrastructure must not prematurely disable posedges of other faster clocks that occur prior to the last possible uclock preceding the edge to b","In reacting to a  ReadyForCclockNegEdge of a slower clock, the infrastructure must not prematurely  disable negedges of other faster clocks that occur prior to the last possible uclock preceding the e",0.96,NO,NONE,Confidence: 0.95 | Requirement A specifies a constraint regarding the disabling of 'posedges' (positive edges) of faste
2003 - pnnl,49,52,Sensed and fixed data used by the tool in performing automated diagnostics shall be stored to  permanent storage for post -analysis by the diagnostic process and viewing of the results.,"Automated  Diagnostics    Version:           1.1   Software Requirements Specification    Date:  8/28/2003   Software Requirements Specification 1 -1.DOC   8/29/2003      Battelle Northwest, 2003  Pag",0.538,NO,NONE,Confidence: 1.00 | Requirement A defines a functional requirement for the system: storing sensed and fixed diagnostic d
2003 - pnnl,100,101,3.2.4  Output Processing   The automated diagnostic tool shall display and record diagnostic results.,"Diagnostic results to  be displayed to the user will be done so in a simple, g raphical and textual format.",0.605,NO,NONE,Confidence: 1.00 | Requirement A establishes that the diagnostic tool shall display and record diagnostic results. Requ
2003 - pnnl,68,72,3.2.2.8  Sensed data input to the tool shall be validated with respect to its expected  range of values.,Physical  Parameter  Engineering  Units for  Sensed Data   Temperature  Degrees F   Current  Amps     3.2.2.11  The tool shall associate with each continuous parameter one or more tolerances each  cor,0.524,NO,NONE,Confidence: 1.00 | Requirement A specifies that sensed data must be validated against its expected range of values. Req
2003 - pnnl,54,55,The file shall be an ASCII text file  containing only columns delimited by a single ta b character or single comma.,The file shall begin with a  required header.,0.571,NO,NONE,"Confidence: 0.95 | Requirement A defines the general content and formatting rules for the file (ASCII, column-delimited"
2003 - pnnl,6,97,The tool will store the results of diagnostics for subsequent  retrieval and use.,"3.2.3.6  The tool shall monitor the  unit under diagnosis, either in real time or batch mode, for an indefinite  period of time or until input data are no longer available, and log diagnostic results ",0.576,YES,OVERLAP,Confidence: 1.00 | Requirement A specifies that the tool will 'store the results of diagnostics for subsequent retrieva
2003 - pnnl,93,184,"The  cooling tower fan may  be off when the  condenser pump is  running, but this should  not always be the case.","If the CT Fans Status = ""On"" and the Condenser Pumps Status = ""On,"" then CT Fans/Condenser Pumps Interlock OK/Not = ""OK"" If the CT Fans Status = ""Off"" and the Condenser Pumps Status = ""Off,"" then CT F",0.627,NO,NONE,"Confidence: 0.60 | Requirement B is incomplete, making a full conflict analysis impossible. The provided text for Requi"
2003 - pnnl,119,146,"3.5.1.1  The user interface shall consist of six windows:  Main window, configuration window, subsystems  window, condition window, diagnostic information window, and diag nostic history window.",3.5.1.17  The subsystems  window shall list subsystems monitored for a specific building and  summarizing the current diagnostic status of all monitored subsystems.,0.552,NO,NONE,"Confidence: 1.00 | Requirement A specifies the existence and names of six top-level user interface windows, including a"
2003 - pnnl,93,180,"The  cooling tower fan may  be off when the  condenser pump is  running, but this should  not always be the case.",The CHW Pumps should not operate unless at least one of the supply fans in an air handler served by these CHW Pumps is on.,0.573,NO,NONE,Confidence: 1.00 | Requirement A specifies operational constraints for a cooling tower fan relative to a condenser pump
2003 - pnnl,6,7,The tool will store the results of diagnostics for subsequent  retrieval and use.,The tool will automate  diagnostic processes hitherto performed through a visual analysis of graphical data by a human expert.,0.595,NO,NONE,Confidence: 1.00 | Requirement A specifies the storage and retrieval of diagnostic results. Requirement B specifies the
2003 - pnnl,91,183,Secondary chilled water  pumps should only  operate when the primary  CHW pump is operating.,The set of primary CHW pump should not operate unless at least one of the secondary CHW pumps served by this set of primary CHW pumps is on.,0.741,YES,CONTRADICTION,Confidence: 1.00 | Requirement A states: 'Secondary chilled water pumps should only operate when the primary CHW pump i
2003 - pnnl,96,105,"Automated  Diagnostics    Version:           1.1   Software Requirements Specification    Date:  8/28/2003   Software Requirements Specification 1 -1.DOC   8/29/2003      Battelle Northwest, 2003  Pag","Automated  Diagnostics    Version:           1.1   Software Requirements Specification    Date:  8/28/2003   Software Requirements Specification 1 -1.DOC   8/29/2003      Battelle Northwest, 2003  Pag",0.766,YES,OVERLAP,Confidence: 1.00 | Both Requirement A and Requirement B are identical text strings. They describe the exact same inform
2003 - pnnl,146,172,3.5.1.17  The subsystems  window shall list subsystems monitored for a specific building and  summarizing the current diagnostic status of all monitored subsystems.,3.5.1.39  The diagnostic indicators on the main window and subsystems window shall summarize  all diagnostic conditions associated with each entry in the window.,0.821,YES,OVERLAP,Confidence: 0.90 | Both Requirement A and Requirement B mandate the display of summarized diagnostic information on the
2003 - pnnl,83,91,Secondary  chilled water pumps should  only operate when the  primary CHW pump is  operating.,Secondary chilled water  pumps should only  operate when the primary  CHW pump is operating.,1.0,YES,OVERLAP,Confidence: 1.00 | Both Requirement A and Requirement B are identical in their wording and semantic meaning. They descr
2004 - watcom,6,20,"No te that cod e  gene rator should creat e the undefined symbol _GLOB AL_OFFSET_ TABLE_ , if R_386_GOTPC   encountere d.","At th is tim e,  _GLOB AL_OFFSET_ TABLE_  sym bol should be defined  as well.",0.585,YES,OVERLAP,"Confidence: 0.95 | Requirement A states that if `R_386_GOTPC` is encountered, the code generator should *not* create `_"
2004 - watcom,21,27,"Finally, the dynamic array  should be up dated (PLTGOT ).","Finally, the dynamic array  should be up dated (PLTRELSZ , PLTREL , and JMPREL).",0.845,NO,NONE,Confidence: 1.00 | Both requirements state that a dynamic array should be updated. Requirement A specifies `PLTGOT` as 
2004 - watcom gui,11,24,"In order to ask window manager to m inimize the window in GTK, gtk_window_minimize() should  be called.",To get the needed value (root window of a given widget)  gtk_widget_get_root_window()  should be called for a given widget.,0.558,NO,NONE,Confidence: 1.00 | Requirement A describes the action of minimizing a GTK window using `gtk_window_minimize()`. Require
2004 - watcom gui,12,47,In the GTK gtk_widget_show()  and gtk_window_hide()   should  be used.,Should make the GtkHandl eBox  visible using gtk_widget_show()  Time needed for porting: 1 hour.,0.546,NO,NONE,Confidence: 0.95 | Requirement A makes a general statement that `gtk_widget_show()` and `gtk_window_hide()` 'should be 
2004 - watcom gui,10,20,"Whe n ported, this function should make a ca ll of gtk_window_new() , and apply parameters passe d in  info .","In GTK port, the function should cal l gtk_widget_destroy()  for the given window  or for the top- level windo w if NULL.",0.584,NO,NONE,"Confidence: 1.00 | Requirement A specifies the creation of a new GTK window, while Requirement B specifies the destruct"
2004 - watcom gui,57,95,gtk_widget_destroy()  applied to the  appropriate GtkMenuItem  should be used in  this function.,gtk_toggle_button_get_active()  should be used to perform the operation.,0.511,NO,NONE,Confidence: 1.00 | Requirement A specifies the use of `gtk_widget_destroy()` on a `GtkMenuItem` to remove it from the U
2004 - watcom gui,77,78,gtk_window_get_size()  should be used to perform the operation.,gtk_window_set_icon()  should be used to perform the operation.,0.72,NO,NONE,Confidence: 1.00 | Requirement A specifies using `gtk_window_get_size()` which retrieves the dimensions of a GTK window
2004 - watcom gui,1,68,Open Watcom  Linux Port Page 9  of 54  GUI Software Requirements Sp ecification     As long as  in Windows  and OS/2 en vironments user interface controls ar e placed acc ording to the specified  coor,Open Watcom  Linux Port Page 45  of 54  GUI Software Requirements Sp ecification     This function should be implemented using standa rd GtkFontSelectionDialog() .,0.754,NO,NONE,Confidence: 0.95 | Requirement A discusses GUI control placement within 'Windows and OS/2 environments'. Requirement B 
2004 - watcom gui,86,88,gtk_list_append_items()  function should be used to perform the ope ration.,gtk_list_insert_items()  function should be used to perform the ope ration.,0.892,YES,CONTRADICTION,Confidence: 1.00 | Both requirements specify a *different* GTK function that *should be used* for 'the operation'. `gtk
2004 - watcom gui,86,87,gtk_list_append_items()  function should be used to perform the ope ration.,gtk_list_append_items()  function should be used to perform the ope ration.,1.0,YES,OVERLAP,Confidence: 1.00 | Both Requirement A and Requirement B are identical in their wording and the functionality they descr
2005 - clarus low,110,325,F-251 The Clarus  system shall accept  environmental data from (roadway) vehicles.,ID Requirement  Source Allocation -  QChS Comment Criticality  F-171 The Clarus  system shall be  able to base its quality checking process on historical environmental data.,0.61,NO,NONE,Confidence: 1.00 | Requirement A specifies that the Clarus system must accept environmental data. Requirement B states 
2005 - clarus low,419,426,Inferred from ConOps  §2.5.7     L  X-821 Traffic management  personnel shall be able to use the Clarus  system to  obtain environmental conditions.,OCS     H  X-921 The Clarus  program shall  maintain information about service providers.,0.613,NO,NONE,Confidence: 1.00 | Requirement A specifies that the Clarus system shall allow traffic management personnel to obtain en
2005 - clarus low,89,218,OCS CS   M  F-205D1 CS shall be able to retrieve  remotely sensed environmental observations from data collectors.,"OCS QEDS, SS   H  D-051J1 QEDS shall disseminate  data in response to a scheduled environmental data request.",0.533,NO,NONE,Confidence: 0.95 | Requirement A specifies that the OCS CS component shall retrieve remotely sensed environmental obser
2005 - clarus low,9,84,The Clarus   system should be a data collection system capable of handling a vast range of data  in a flexible manner that permits new data types to be added.,F-200 The Clarus  system shall be able to  detect data submission errors.,0.575,NO,NONE,Confidence: 1.00 | Requirement A describes the core capability of the Clarus system as a flexible data collection syste
2005 - clarus low,33,319,F-806 The Clarus  system shall  enable administrators to manage security groups.,F-163 The Clarus  system shall be  able to implement quality checking rules specific to observation locations.,0.513,NO,NONE,"Confidence: 1.00 | Requirement A describes the ability for administrators to manage security groups, which pertains to "
2005 - clarus low,252,429,"H-020 The Clarus  system shall  acquire, process, and disseminate environmental  data.",OCS     H  X-935 The Clarus  program shall  allow potential weather element data providers to request permission to submit weather information.,0.626,NO,NONE,"Confidence: 1.00 | Requirement A describes the core data handling functions of the Clarus system (acquiring, processing"
2005 - clarus low,241,263,"MHI QEDS,  EMS   H  F-501J1 QEDS shall respond to  environmental data queries within one minute.",ID Requirement  Source Allocation -  QEDS Comment Criticality  I-021J1 QEDS shall respond to  environmental data queries selecting specific desired datasets.,0.59,NO,NONE,Confidence: 1.00 | Requirement A specifies a non-functional constraint regarding the response time for environmental da
2005 - clarus low,355,389,D- 011A4 Clarus  hosts shall be able to  aggregate environmental data from other Clarus   hosts.,X- 20139 The contributors shall have  the right to use the Clarus   system data and information for purposes delineated within the Clarus  Data  Sharing Agreement.,0.555,NO,NONE,Confidence: 1.00 | Requirement A describes a system capability for Clarus hosts to aggregate environmental data. Requir
2005 - clarus low,217,246,ID Requirement  Source Allocation -  QEDS Comment Criticality  D-051 The Clarus  system shall  disseminate data in  response to a scheduled  request.,F-905 The Clarus  system shall log  data transactions.,0.525,NO,NONE,Confidence: 1.00 | Requirement A specifies a functional capability: the system shall disseminate data in response to a 
2005 - clarus low,194,250,Task Force     I-016 The Clarus  system shall  transfer data as efficiently as possible.,"H-012 The Clarus  system data  definitions shall be consistent with the ITE TM 1.03 standard, Functional Level Traffic Management Data Dictionary (TMDD).",0.538,NO,NONE,Confidence: 0.95 | Requirement A specifies a performance goal for data transfer ('as efficiently as possible'). Require
2005 - clarus low,190,389,H- 120F1 The EMS shall accept source  queries that consist of a list of Clarus  contributors.,X- 20139 The contributors shall have  the right to use the Clarus   system data and information for purposes delineated within the Clarus  Data  Sharing Agreement.,0.64,NO,NONE,Confidence: 1.00 | Requirement A specifies that the EMS (Enterprise Management System) must accept a certain type of qu
2005 - clarus low,43,149,"H-120 The Clarus  system shall  acquire, process, and disseminate environmental metadata.",H  I-017D1 CS shall be able to extract  environmental data from an XML message that conforms to the Clarus  standard XML message  specification.,0.628,NO,NONE,"Confidence: 0.95 | Requirement A specifies the high-level capabilities of the Clarus system: to acquire, process, and d"
2005 - clarus low,187,414,F-905 The Clarus  system shall log  data transactions.,"ID Requirement  Source Allocation Comment Criticality X-605 The Clarus  program shall  operate according to Government IT security requirements as outlined in OMB Circular A-130, Management of Federal",0.527,NO,NONE,Confidence: 1.00 | Requirement A specifies that the system shall log data transactions. Requirement B states that the s
2005 - clarus low,358,363,MHI     H  D-031 The Clarus  system shall use  software that implements industry accepted standard  interfaces.,OCS     H  X-801 The Clarus  program shall  alert users to system modifications.,0.587,NO,NONE,Confidence: 1.00 | Requirement A specifies an architectural or design constraint related to the software's internal int
2005 - clarus low,54,220,"OCS QChS,  CAUI, QEDC   H  F-111C1 The CAUI shall enable a quality  manager to apply manual flags to a set of observations from an individual ESS.",OCS QEDS    H  D-061J1 QEDS shall disseminate  data in response to an immediate environmental data request.,0.517,NO,NONE,Confidence: 1.00 | Requirement A describes the ability for a quality manager to manually flag observations using the CA
2005 - clarus low,317,383,ID Requirement  Source Allocation -  QChS Comment Criticality  F-162 The Clarus  system shall be  able to implement quality checking spatial tests using available data.,X- 20126 The contributors shall  inform the Clarus  program  of known error(s) and modifications in its data and information.,0.512,NO,NONE,Confidence: 1.00 | Requirement A defines a capability for the Clarus system to perform quality checks on spatial data. 
2005 - clarus low,194,288,Task Force     I-016 The Clarus  system shall  transfer data as efficiently as possible.,P-025 The Clarus  system shall  respond to a request for information within one minute.,0.648,NO,NONE,Confidence: 0.95 | Requirement A specifies a general quality attribute for data transfer (efficiency). Requirement B sp
2005 - clarus low,194,428,Task Force     I-016 The Clarus  system shall  transfer data as efficiently as possible.,OCS     M  X-931 The Clarus  program shall  maintain information about service provider access to data.,0.634,NO,NONE,Confidence: 0.95 | Requirement A specifies a quality attribute (efficiency) for data transfer. Requirement B specifies 
2005 - clarus low,275,354,MHI     H  I-028J1 QEDS shall accept source  queries that consist of a list of Clarus  contributors.,D- 011A3 The Clarus  system shall  allocate each contributor to a specific host.,0.576,NO,NONE,Confidence: 1.00 | Requirement A states that QEDS accepts queries containing a list of Clarus contributors. Requirement
2005 - clarus low,257,404,I-017 The Clarus  system shall  employ industry standards to minimize implementation impact to users and providers.,ConOps §3.3.1     H  X-232 The Clarus  program shall  define quality checking rules for environmental observations.,0.515,NO,NONE,Confidence: 1.00 | Requirement A specifies an overarching architectural/non-functional constraint that the Clarus syste
2005 - clarus low,354,410,D- 011A3 The Clarus  system shall  allocate each contributor to a specific host.,Inferred from ConOps  §4.3     M  X-305 The Clarus  program shall  maintain a comprehensive Clarus  system test  environment.,0.591,NO,NONE,Confidence: 1.00 | Requirement A describes a core functional capability of the Clarus system: allocating contributors t
2005 - clarus low,262,384,I-021 The Clarus  system shall  allow service providers to select specific desired datasets.,X- 20127 The Clarus  program shall  determine its redistribution of shared data from contributors based upon Clarus  Data Sharing  Agreements.,0.605,NO,NONE,Confidence: 1.00 | Requirement A specifies that service providers can select desired datasets from the Clarus system. R
2005 - clarus low,88,286,F-205 The Clarus  system shall be able to  access remotely sensed environmental observations from data collectors.,P-024 The Clarus  system shall be  able to publish new data within twenty minutes of data receipt.,0.626,NO,NONE,Confidence: 1.00 | Requirement A describes the system's ability to acquire data (access remotely sensed environmental o
2005 - clarus low,240,414,F-501 The Clarus  system shall  minimize the time for data dissemination.,"ID Requirement  Source Allocation Comment Criticality X-605 The Clarus  program shall  operate according to Government IT security requirements as outlined in OMB Circular A-130, Management of Federal",0.59,YES,IMPLICIT,"Confidence: 0.90 | Requirement A mandates minimizing data dissemination time, implying an aggressive pursuit of speed. "
2005 - clarus low,92,414,F-213 The Clarus  system shall allow  access to new surface transportation-related observed environmental data.,"ID Requirement  Source Allocation Comment Criticality X-605 The Clarus  program shall  operate according to Government IT security requirements as outlined in OMB Circular A-130, Management of Federal",0.523,NO,NONE,Confidence: 1.00 | Requirement A specifies the type of data the Clarus system shall provide access to (surface transpor
2005 - clarus low,239,271,"ID Requirement  Source Allocation -  QEDS Comment Criticality  F-219J1 QEDS shall be able to  disseminate NWS watches, warnings, and advisories.",ID Requirement  Source Allocation -  QEDS Comment Criticality  I-026J2 QEDS shall accept location  queries based on a latitude/longitude location and radius.,0.577,NO,NONE,Confidence: 1.00 | Requirement A describes the system's ability to disseminate (push out) NWS information. Requirement 
2005 - clarus low,231,368,ID Requirement  Source Allocation -  QEDS Comment Criticality  F-115 The Clarus  system shall  provide notification of data quality conditions to data contributors.,MHI     H  Q-013 The Clarus  system shall be  able to respond to 95% of all requests for environmental data 95% of the time.,0.568,NO,NONE,Confidence: 1.00 | Requirement A specifies that the system shall provide notifications about data quality conditions to
2005 - clarus low,90,190,F-211 The Clarus  system shall be able to  receive roadway weather measurements derived from VII data.,H- 120F1 The EMS shall accept source  queries that consist of a list of Clarus  contributors.,0.544,NO,NONE,Confidence: 1.00 | Requirement A specifies that the Clarus system shall receive roadway weather measurements from VII d
2005 - clarus low,303,305,F-121 The Clarus  system shall  detect out of range values.,F-121H2 QChS algorithms shall use  climate records for range checking bounds.,0.514,NO,NONE,Confidence: 0.95 | Requirement A specifies that the Clarus system shall detect out-of-range values. Requirement B speci
2005 - clarus low,25,408,F-163 The Clarus  system shall be  able to implement quality checking rules specific to observation locations.,ID Requirement  Source Allocation Comment Criticality X-237 The Clarus  program  standards shall accommodate contributions of new sensor technologies to the Clarus  system.,0.613,NO,NONE,Confidence: 1.00 | Requirement A describes a specific functional capability for the Clarus system: the ability to imple
2005 - clarus low,30,36,M  F- 175B1 The CAS shall be able to  configure multiple algorithms to be used in the quality checking process.,F- 806B3 The CAS shall have a quality  manager security group.,0.527,NO,NONE,Confidence: 1.00 | Requirement A specifies the system's ability to configure multiple algorithms for quality checking. 
2005 - clarus low,24,254,H  F- 161B1 The CAS shall be able to  configure quality checking  rules for specific environmental situations.,"ConOps §3.4.2,  amended in Task Force review CS, QChS,  QEDS North America in this context includes the  United States, it territories, Canada, and Mexico H  H-301J1 QEDS shall be able to  disseminate",0.501,NO,NONE,Confidence: 1.00 | Requirement A states that the CAS shall configure quality checking rules for specific environmental 
2005 - clarus low,16,262,ID Requirement  Source Allocation  - CAS Comment Criticality F-101 The Clarus  system shall  implement quality checking processes as soon as data become available.,I-021 The Clarus  system shall  allow service providers to select specific desired datasets.,0.537,NO,NONE,Confidence: 1.00 | Requirement A specifies an automated quality checking process that occurs upon data availability. Re
2005 - clarus low,58,238,F-141 The Clarus  system shall allow  human quality checks of environmental data.,"F-219 The Clarus  system shall  disseminate NWS watches, warnings, and advisories.",0.599,NO,NONE,Confidence: 1.00 | Requirement A specifies the functionality for human quality checks of environmental data. Requiremen
2005 - clarus low,219,426,D-061 The Clarus  system shall  disseminate environmental data in response to polling.,OCS     H  X-921 The Clarus  program shall  maintain information about service providers.,0.525,NO,NONE,Confidence: 1.00 | Requirement A specifies that the Clarus system shall disseminate environmental data in response to p
2005 - clarus low,182,211,L  F-213F1 The Clarus  system shall allow  new EMS to be implemented that disseminate new observation types to be implemented as they become available.,I-021 The Clarus  system shall  allow service providers to select specific desired data sets.,0.603,NO,NONE,Confidence: 1.00 | Requirement A specifies the system's capability to incorporate and disseminate new types of observat
2005 - clarus low,25,407,F-163 The Clarus  system shall be  able to implement quality checking rules specific to observation locations.,"OCS   That is, the Clarus  program needs to  provide documentation of whatever standards it creates for its own development, deployment, management, and operations.",0.521,NO,NONE,Confidence: 1.00 | Requirement A describes a functional capability of the Clarus system: implementing quality checking 
2005 - clarus low,340,427,P-024 The Clarus  system shall be  able to publish new data within twenty minutes of data receipt.,OCS     H  X-925 The Clarus  program shall  maintain information about service provider communications.,0.568,NO,NONE,Confidence: 1.00 | Requirement A specifies a performance constraint for publishing new data (within twenty minutes). Re
2005 - clarus low,250,301,"H-012 The Clarus  system data  definitions shall be consistent with the ITE TM 1.03 standard, Functional Level Traffic Management Data Dictionary (TMDD).",F-115 The Clarus  system shall  provide notification of data quality conditions to data contributors.,0.553,NO,NONE,Confidence: 1.00 | Requirement A (H-012) mandates consistency of the system's data definitions with an external standar
2005 - clarus low,31,402,F-213 The Clarus  system shall  allow access to new surface transportation-related environmental data.,9)     H  X-221 The Clarus  program shall  provide for customer service.,0.59,NO,NONE,Confidence: 1.00 | Requirement A specifies the Clarus system's functionality regarding access to environmental data. Re
2005 - clarus low,303,412,F-121 The Clarus  system shall  detect out of range values.,OCS     H  X-315 The Clarus  program shall  test all hardware changes in the designated test environment before deployment to production.,0.505,NO,NONE,Confidence: 1.00 | Requirement A specifies a functional capability of the Clarus system related to data validation ('de
2005 - clarus low,246,303,F-905 The Clarus  system shall log  data transactions.,F-121 The Clarus  system shall  detect out of range values.,0.531,NO,NONE,"Confidence: 1.00 | Requirement A specifies that the system shall log data transactions, focusing on recording events an"
2005 - clarus low,329,400,F-213 The Clarus  system shall  allow access to new  surface transportation related observed environmental data.,MHI     H  X-211 The Clarus  program shall  provide network management tools.,0.524,NO,NONE,Confidence: 1.00 | Requirement A specifies providing access to particular environmental data. Requirement B specifies p
2005 - clarus low,393,413,"ID Requirement  Source Allocation Comment Criticality X- 20149 The contributors shall  provide the Clarus  program  with a timely notice of their intent to change, alter, replace, or eliminate any sha",OCS     H  X-601 The Clarus  program shall  operate the Clarus  system  according to its published IT  Security Plan.,0.553,NO,NONE,Confidence: 0.95 | Requirement A mandates that 'contributors' provide 'the Clarus program' with timely notice of their 
2005 - clarus low,9,94,The Clarus   system should be a data collection system capable of handling a vast range of data  in a flexible manner that permits new data types to be added.,ID Requirement  Source Allocation -  CS Comment Criticality F-214 The Clarus  system shall accept  environmental data derived from images.,0.506,NO,NONE,"Confidence: 0.95 | Requirement A describes the Clarus system's general capability to handle a vast, flexible range of d"
2005 - clarus low,211,329,I-021 The Clarus  system shall  allow service providers to select specific desired data sets.,F-213 The Clarus  system shall  allow access to new  surface transportation related observed environmental data.,0.643,NO,NONE,"Confidence: 1.00 | Requirement A describes the ability for service providers to select specific desired data sets, impl"
2005 - clarus low,304,324,H  F-121H1 QChS algorithms shall use  sensor range metadata for range checking bounds.,H  F-166H1 QChS shall be able to base  its quality checking process on values distributed in time.,0.592,NO,NONE,Confidence: 0.95 | Requirement A specifies that H F-121H1 QChS algorithms shall use sensor range metadata for range che
2005 - clarus low,236,354,F-213 The Clarus  system shall  allow access to new surface transportation related observed environmental data.,D- 011A3 The Clarus  system shall  allocate each contributor to a specific host.,0.565,NO,NONE,Confidence: 1.00 | Requirement A specifies that the Clarus system should provide access to environmental data. Requirem
2005 - clarus low,410,429,Inferred from ConOps  §4.3     M  X-305 The Clarus  program shall  maintain a comprehensive Clarus  system test  environment.,OCS     H  X-935 The Clarus  program shall  allow potential weather element data providers to request permission to submit weather information.,0.504,NO,NONE,Confidence: 1.00 | Requirement A focuses on the internal infrastructure for quality assurance and testing of the Clarus
2005 - clarus low,328,347,M  F-175H1 QChS shall be  implemented for each defined standard quality checking algorithm.,"MHI CS, QEDS,  EMS, QChS, CAS, SS, DOG   H  F- 905K1 The SS shall record when it  initiates actions.",0.513,NO,NONE,Confidence: 1.00 | Requirement A mandates the implementation of 'QChS' for standard quality checking algorithms. Requir
2005 - clarus low,211,313,I-021 The Clarus  system shall  allow service providers to select specific desired data sets.,F-155 The Clarus  system shall be  able to implement quality checking rules for each environmental parameter.,0.547,NO,NONE,Confidence: 1.00 | Requirement A describes the functionality for service providers to select specific data sets (user i
2005 - clarus low,364,399,H  P-011 The Clarus  system shall be  able to publish environmental data at three times the volume rate that it collects it.,MHI     H  X-209 The Clarus  program shall  provide an environment that has redundant communication for the  Clarus  system.,0.533,NO,NONE,Confidence: 1.00 | Requirement A specifies a performance characteristic related to data publication volume rate. Requir
2005 - clarus low,213,357,I-022 The Clarus  system shall  respond to queries for environmental data from the  available data.,D-021 The Clarus  system shall use  hardware that implements industry accepted standard interfaces.,0.583,NO,NONE,Confidence: 1.00 | Requirement A describes the functional capability of the Clarus system to respond to data queries. R
2005 - clarus low,16,407,ID Requirement  Source Allocation  - CAS Comment Criticality F-101 The Clarus  system shall  implement quality checking processes as soon as data become available.,"OCS   That is, the Clarus  program needs to  provide documentation of whatever standards it creates for its own development, deployment, management, and operations.",0.541,NO,NONE,Confidence: 1.00 | Requirement A mandates that the Clarus system implement quality checking processes for data. Require
2005 - clarus low,63,226,F-806 The Clarus  system shall enable  administrators to manage security groups.,D-091 The Clarus  system shall  disseminate data using standard Internet protocols.,0.513,NO,NONE,"Confidence: 1.00 | Requirement A describes the functionality for administrators to manage security groups, which pertai"
2005 - clarus low,65,78,"H-120 The Clarus  system shall acquire,  process, and disseminate environmental metadata.",H  F-100D1 CS shall collect environmental  data based on its configured schedule.,0.563,YES,OVERLAP,Confidence: 0.90 | Both requirements describe the system's responsibility for obtaining environmental information. Requ
2005 - clarus low,149,269,H  I-017D1 CS shall be able to extract  environmental data from an XML message that conforms to the Clarus  standard XML message  specification.,I-026 The Clarus  system shall  enable environmental data queries by location reference.,0.61,NO,NONE,Confidence: 0.95 | Requirement A describes the capability of a specific system component (H I-017D1 CS) to extract envi
2005 - clarus low,264,356,I-022 The Clarus  system shall  respond to queries for environmental data from the available data.,D- 011A5 Clarus  hosts shall be able to  distribute queries to other Clarus  hosts.,0.588,NO,NONE,Confidence: 1.00 | Requirement A states that the Clarus system shall respond to queries for environmental data from ava
2005 - clarus low,41,262,F-905 The Clarus  system shall log  data transactions.,I-021 The Clarus  system shall  allow service providers to select specific desired datasets.,0.567,NO,NONE,"Confidence: 1.00 | Requirement A specifies that the system shall log data transactions, which is an internal or backgro"
2005 - clarus low,230,260,F-100J2 QEDS shall be able to  disseminate environmental data in English units.,I-017J3 QEDS shall be able to  disseminate environmental data in CMML version 2 format.,0.597,NO,NONE,"Confidence: 1.00 | Requirement A specifies the measurement units for environmental data (English units), while Requirem"
2005 - clarus low,102,212,"ConOps  §3.4.3 CS, QChS   H  F-223D1 CS shall process environmental  data as they are received.","ConOps §3.5.1.4 QEDS,  QEDC   H  I-021I1 The QEDC shall support  queries for its observations.",0.618,NO,NONE,"Confidence: 1.00 | Requirement A specifies that the F-223D1 CS shall process environmental data as it is received, indi"
2005 - clarus low,401,427,H  X-215 The Clarus  program shall  provide setup support.,OCS     H  X-925 The Clarus  program shall  maintain information about service provider communications.,0.58,NO,NONE,"Confidence: 1.00 | Requirement A specifies that the Clarus program shall provide 'setup support', which relates to init"
2005 - clarus low,98,369,"Task Force  review CS Changed from ""The Clarus  system shall  be able to retrieve environmental data directly from environmental sensor stations."" L  F-221D1 CS shall be able to retrieve  environmenta",MHI     H  X-201 The Clarus  program shall  establish data sharing agreements with all participating sources of environmental data.,0.579,NO,NONE,Confidence: 1.00 | Requirement A specifies the Clarus system's technical capability to retrieve environmental data dire
2005 - clarus low,348,412,I-016 The Clarus  system shall  transfer data as efficiently as possible.,OCS     H  X-315 The Clarus  program shall  test all hardware changes in the designated test environment before deployment to production.,0.501,NO,NONE,Confidence: 1.00 | Requirement A specifies a performance characteristic for data transfer (efficiency). Requirement B s
2005 - clarus low,2,298,"Surface transportation  environmental data collected by the Clarus  system will include atmospheric data,  pavement data 1, and hydrologic (water level) data.",F-111 The Clarus  system shall  provide environmental data quality flags.,0.593,NO,NONE,"Confidence: 1.00 | Requirement A specifies the types of environmental data collected by the Clarus system (atmospheric,"
2005 - clarus low,226,413,D-091 The Clarus  system shall  disseminate data using standard Internet protocols.,OCS     H  X-601 The Clarus  program shall  operate the Clarus  system  according to its published IT  Security Plan.,0.636,NO,NONE,Confidence: 0.95 | Requirement A specifies that the Clarus system shall use standard Internet protocols for data dissem
2005 - clarus low,24,334,H  F- 161B1 The CAS shall be able to  configure quality checking  rules for specific environmental situations.,"MHI CS, QEDS,  EMS, QChS, CAS, SS, DOG   H  F-905H1 QChS shall log quality  checking activity.",0.52,NO,NONE,Confidence: 0.95 | Requirement A specifies that the CAS (Configuration Administration System) shall configure quality c
2005 - clarus low,49,353,Task Force     I-032 The Clarus  system shall  manage environmental data and metadata according to the Clarus  data sharing  agreements.,D- 011A2 The Clarus  system shall  allocate each collector to a specific host.,0.511,NO,NONE,Confidence: 1.00 | Requirement A specifies that the Clarus system shall manage environmental data and metadata. Require
2005 - clarus low,117,155,H  F-271D1 CS shall accept environmental  data collected from transit vehicles.,ID Requirement  Source Allocation -  DOG Comment Criticality F-213 The Clarus  system shall allow  access to new surface transportation related observed  environmental data.,0.519,NO,NONE,Confidence: 0.95 | Requirement A specifies that the 'H F-271D1 CS' system shall *accept* environmental data from transi
2005 - clarus low,419,429,Inferred from ConOps  §2.5.7     L  X-821 Traffic management  personnel shall be able to use the Clarus  system to  obtain environmental conditions.,OCS     H  X-935 The Clarus  program shall  allow potential weather element data providers to request permission to submit weather information.,0.62,NO,NONE,Confidence: 0.95 | Requirement A describes the functionality for traffic management personnel to *obtain* environmental
2005 - clarus low,192,263,ID Requirement  Source Allocation  - EMS Comment Criticality H- 120F3 The EMS shall accept location  queries based on a bounding latitude/longitude coordinate pair.,ID Requirement  Source Allocation -  QEDS Comment Criticality  I-021J1 QEDS shall respond to  environmental data queries selecting specific desired datasets.,0.613,NO,NONE,Confidence: 1.00 | Requirement A specifies functionality for the 'EMS' system to accept 'location queries' based on a '
2005 - clarus low,211,413,I-021 The Clarus  system shall  allow service providers to select specific desired data sets.,OCS     H  X-601 The Clarus  program shall  operate the Clarus  system  according to its published IT  Security Plan.,0.585,NO,NONE,Confidence: 1.00 | Requirement A describes a specific functional capability for the Clarus system: allowing service pro
2005 - clarus low,201,379,Task Force     P-025 The Clarus  system shall  respond to a request for information within five minutes.,X- 20119 The Clarus  program shall  provide data and information statistics on its operation to contributors.,0.622,NO,NONE,Confidence: 1.00 | Requirement A specifies a performance constraint: the system's response time for information request
2005 - clarus low,2,416,"Surface transportation  environmental data collected by the Clarus  system will include atmospheric data,  pavement data 1, and hydrologic (water level) data.",Contract     H  X-805 Weather service providers  shall be able to use Clarus   data to provide localized special weather products.,0.648,NO,NONE,"Confidence: 1.00 | Requirement A defines the types of environmental data (atmospheric, pavement, hydrologic) that the C"
2005 - clarus low,3,5,"First, the participants will be able to share  collected environmental data  with Clarus .","The Clarus  system will add a third mode of functionality, which might be called  “meta-librarian.” The Clarus  system will collect, organize, and quality check the  environmental data to be published",0.607,NO,NONE,Confidence: 1.00 | Requirement A describes an external action where participants share environmental data with Clarus. 
2005 - clarus low,96,127,H  F-214D2 CS shall accept atmospheric  condition data derived from atmospheric images.,"Task Force  review CS, QEDS   H  H- 012D1 CS shall accept environmental  data described by definitions defined by the TMDD.",0.531,NO,NONE,Confidence: 0.95 | The requirements refer to distinct systems or components (H F-214D2 CS and H H- 012D1 CS). Requireme
2005 - clarus low,294,405,F-101 The Clarus  system shall  implement quality checking processes as soon as data become available.,H  X-233 The Clarus  program shall  define data retention standards.,0.61,NO,NONE,Confidence: 1.00 | Requirement A focuses on the immediate processing of data to ensure its quality upon availability. R
2005 - clarus low,16,41,ID Requirement  Source Allocation  - CAS Comment Criticality F-101 The Clarus  system shall  implement quality checking processes as soon as data become available.,F-905 The Clarus  system shall log  data transactions.,0.521,NO,NONE,Confidence: 1.00 | Requirement A specifies that the system must perform quality checks on data as soon as it's availabl
2005 - clarus low,140,355,I-013 The Clarus  system shall be able to  communicate with RWIS databases through their native interfaces.,D- 011A4 Clarus  hosts shall be able to  aggregate environmental data from other Clarus   hosts.,0.52,NO,NONE,Confidence: 1.00 | Requirement A specifies the Clarus system's ability to communicate with external RWIS databases. Req
2005 - clarus low,160,294,MHI DOG   H  Q- 012G1 The watchdog service shall  monitor the overall Clarus   system state.,F-101 The Clarus  system shall  implement quality checking processes as soon as data become available.,0.534,NO,NONE,"Confidence: 1.00 | Requirement A describes the monitoring of the overall system state by a watchdog service, focusing o"
2005 - clarus low,272,348,I-027 The Clarus  system shall  enable environmental data queries by quality.,I-016 The Clarus  system shall  transfer data as efficiently as possible.,0.627,NO,NONE,Confidence: 0.95 | Requirement A specifies a functional capability: querying environmental data based on its quality. R
2005 - clarus low,248,420,ID Requirement  Source Allocation -  QEDS Comment Criticality  H-011 The Clarus  system baseline  data types shall be defined by the NTCIP ESS 1204 standard.,Inferred from ConOps  §2.5.3     L  X-823 Transit personnel shall be  able to use the Clarus   system to obtain environmental conditions.,0.535,NO,NONE,Confidence: 1.00 | Requirement A specifies a technical standard (NTCIP ESS 1204) for defining data types within the Cla
2005 - clarus low,212,291,"ConOps §3.5.1.4 QEDS,  QEDC   H  I-021I1 The QEDC shall support  queries for its observations.",H  P-031J1 QEDS shall be able to  respond to three hundred simultaneous queries.,0.545,NO,NONE,Confidence: 1.00 | Requirement A states that 'QEDC shall support queries for its observations'. Requirement B states th
2005 - clarus low,213,276,I-022 The Clarus  system shall  respond to queries for environmental data from the  available data.,I-028J2 QEDS shall accept source  queries that are a list of Clarus  contributors  combined with a station identifier.,0.649,NO,NONE,Confidence: 1.00 | Requirement A specifies that the Clarus system shall respond to environmental data queries. Requirem
2005 - clarus low,31,432,F-213 The Clarus  system shall  allow access to new surface transportation-related environmental data.,Sensor Range Test  The Clarus  range test will flag any observation that lies outside of the pre- determined range threshold values as “f ailed”.,0.502,NO,NONE,Confidence: 1.00 | Requirement A describes the functionality of allowing access to new environmental data. Requirement 
2005 - clarus low,175,423,I-017 The Clarus  system shall  employ industry standards to minimize implementation impact to users and providers.,Inferred from ConOps  §2.5.6     L  X-905 The Clarus  program shall  maintain information about data providers.,0.579,NO,NONE,Confidence: 1.00 | Requirement A mandates the use of industry standards to minimize implementation impact. Requirement 
2005 - clarus low,109,409,ConOps  §2.5.7 CS   H  F-245D1 CS shall accept environmental  data derived from railroad vehicle data.,Inferred from ConOps §1     M  X-239 The Clarus  program  standards shall support multiple methods of data  delivery to users.,0.572,NO,NONE,Confidence: 1.00 | Requirement A specifies that the CS system shall accept environmental data derived from railroad veh
2005 - clarus low,65,404,"H-120 The Clarus  system shall acquire,  process, and disseminate environmental metadata.",ConOps §3.3.1     H  X-232 The Clarus  program shall  define quality checking rules for environmental observations.,0.58,NO,NONE,"Confidence: 0.90 | Requirement A specifies that the 'Clarus system' shall acquire, process, and disseminate environment"
2005 - clarus low,206,229,L  F-213I1 The QEDC shall be  configurable to allow new  observation types to be  implemented as they become available.,H  F-100J1 QEDS shall disseminate  environmental data.,0.502,NO,NONE,Confidence: 1.00 | Requirement A states that the 'QEDC' system shall be configurable for new observation types. Require
2005 - clarus low,68,402,ID Requirement  Source Allocation -  CAUI Comment Criticality I-031 The Clarus  system shall provide a  user interface for administration.,9)     H  X-221 The Clarus  program shall  provide for customer service.,0.52,NO,NONE,"Confidence: 1.00 | Requirement A specifies providing a user interface for system administration, which caters to operat"
2005 - clarus low,26,321,H  F- 163B1 The CAS shall be able to  configure quality checking rules specific to observation locations.,F-165 The Clarus  system shall be  able to base its quality  checking process on values from multiple observations.ConOps §3.5.1.4   Example – variable-specific and like  instrument tests.,0.573,NO,NONE,"Confidence: 1.00 | Requirement A focuses on the configurability of quality checking rules, specifically allowing them t"
2005 - clarus low,323,440,F-166 The Clarus  system shall be  able to base its quality checking process on values distributed in time.,Step Test  The Clarus  step test will flag all observati ons whose consecutive values in time  exceed predefined variable-spe cific step threshold values as “failed” (Fiebrich and  Crawford 2001).,0.554,NO,NONE,Confidence: 1.00 | Requirement A states a general capability: the system must be able to perform quality checks based o
2005 - clarus low,160,175,MHI DOG   H  Q- 012G1 The watchdog service shall  monitor the overall Clarus   system state.,I-017 The Clarus  system shall  employ industry standards to minimize implementation impact to users and providers.,0.512,NO,NONE,Confidence: 1.00 | Requirement A specifies a functional component (a watchdog service) to monitor the system state. Req
2005 - clarus low,28,57,"Inferred from ConOps  §3.5.1.4 QChS,  CAS   H  F- 171B1 The CAS shall be able to  configure historical  environmental data to be used by quality checking processes.",F-111C4 The CAUI shall enable a quality  manager to apply manual flags to a set of observations over a time range with an open ended future time.,0.533,NO,NONE,Confidence: 1.00 | Requirement A describes the ability of the CAS to configure historical environmental data for qualit
2005 - clarus low,150,154,I-017D2 CS shall be able to extract  environmental data from comma separated value messages.,I-017D6 CS shall be able to extract  environmental data from netCDF version 3.6 messages.,0.6,NO,NONE,Confidence: 1.00 | Requirement A specifies extracting environmental data from CSV messages. Requirement B specifies ext
2005 - clarus low,194,419,Task Force     I-016 The Clarus  system shall  transfer data as efficiently as possible.,Inferred from ConOps  §2.5.7     L  X-821 Traffic management  personnel shall be able to use the Clarus  system to  obtain environmental conditions.,0.549,NO,NONE,Confidence: 1.00 | Requirement A specifies a quality attribute concerning the efficiency of data transfer within the Cl
2005 - clarus low,115,184,ConOps  §2.5.3 CS   H  F-261D1 CS shall accept environmental  data collected from service patrol vehicles.,H  F-401F1 EMS shall be able to provide  sensor equipment metadata in response to a request.,0.523,NO,NONE,Confidence: 1.00 | Requirement A describes the 'CS' accepting environmental data from service patrol vehicles. Requirem
2005 - clarus low,37,335,ID Requirement  Source Allocation  - CAS Comment Criticality F-811 The Clarus  system shall be  able to restrict environmental data publication based on source.,"H-020 The Clarus  system shall  acquire, process, and disseminate environmental data.",0.646,NO,NONE,"Confidence: 0.95 | Requirement B describes the core functionality of acquiring, processing, and disseminating environme"
2005 - clarus low,412,415,OCS     H  X-315 The Clarus  program shall  test all hardware changes in the designated test environment before deployment to production.,Contract     H  X-615 The Clarus  program shall  operate according to Government IT security requirements as outlined in  U.S.,0.572,NO,NONE,Confidence: 1.00 | Requirement A mandates a testing process for hardware changes before deployment to production. Requi
2005 - clarus low,198,423,I-023 The Clarus  system shall  respond to queries for environmental metadata from the available metadata.,Inferred from ConOps  §2.5.6     L  X-905 The Clarus  program shall  maintain information about data providers.,0.586,NO,NONE,Confidence: 1.00 | Requirement A specifies that the Clarus system shall respond to queries for environmental metadata. 
2005 - clarus low,29,272,ID Requirement  Source Allocation  - CAS Comment Criticality F-175 The Clarus  system shall be  able to use multiple algorithms for its quality checking process.,I-027 The Clarus  system shall  enable environmental data queries by quality.,0.604,NO,NONE,Confidence: 1.00 | Requirement A describes the internal mechanism for the system's quality checking process (using mult
2005 - clarus low,181,357,F-213 The Clarus  system shall allow  access to new surface transportation related observed environmental data.,D-021 The Clarus  system shall use  hardware that implements industry accepted standard interfaces.,0.615,NO,NONE,Confidence: 1.00 | Requirement A specifies the type of data the Clarus system shall access (new surface transportation 
2005 - clarus low,168,208,"ID Requirement  Source Allocation  - EMC Comment Criticality H- 120E3 The EMC shall be able to  maintain contact info for each contributor, collector, and station sensor.",ID Requirement  Source Allocation  - QEDC Comment Criticality F-521I1 The QEDC shall maintain  observations and their associated quality flags for seven days.,0.63,NO,NONE,Confidence: 1.00 | Requirement A specifies that the EMC system shall maintain contact information for specific entities
2005 - clarus low,203,256,ID Requirement  Source Allocation  - QEDC Comment Criticality F-111 The Clarus  system shall  provide environmental data quality flags.,ID Requirement  Source Allocation -  QEDS Comment Criticality  I-016J1 QEDS shall transfer data  concurrently.,0.601,NO,NONE,Confidence: 1.00 | Requirement A specifies a functional capability for the 'Clarus system': providing environmental dat
2005 - clarus low,30,326,M  F- 175B1 The CAS shall be able to  configure multiple algorithms to be used in the quality checking process.,H  F-171H1 QChS shall be able to use  historical environmental data in their quality checking algorithms.,0.555,NO,NONE,Confidence: 1.00 | Requirement A specifies the ability of CAS to configure multiple algorithms for the quality checking
2005 - clarus low,240,311,F-501 The Clarus  system shall  minimize the time for data dissemination.,F-151 The Clarus  system shall  record the methods applied when deriving quality checking information.,0.556,NO,NONE,Confidence: 1.00 | Requirement A focuses on the performance aspect of data dissemination (minimizing time). Requirement
2005 - clarus low,51,84,"ID Requirement  Source Allocation -  CAUI Comment Criticality F-100 The Clarus  system shall collect,  quality check, and disseminate environmental data.",F-200 The Clarus  system shall be able to  detect data submission errors.,0.524,YES,OVERLAP,Confidence: 0.90 | Requirement A states the system shall 'quality check' environmental data. Requirement B states the s
2005 - clarus low,65,419,"H-120 The Clarus  system shall acquire,  process, and disseminate environmental metadata.",Inferred from ConOps  §2.5.7     L  X-821 Traffic management  personnel shall be able to use the Clarus  system to  obtain environmental conditions.,0.644,YES,OVERLAP,Confidence: 0.90 | Requirement A states that the Clarus system shall 'disseminate environmental metadata.' Requirement 
2005 - clarus low,163,355,ID Requirement  Source Allocation  - EMC Comment Criticality F-213 The Clarus  system shall allow  access to new surface transportation related observed  environmental data.,D- 011A4 Clarus  hosts shall be able to  aggregate environmental data from other Clarus   hosts.,0.588,NO,NONE,Confidence: 1.00 | Requirement A specifies that the Clarus system shall allow access to new surface transportation rela
2005 - clarus low,232,322,H  F-115J1 The observation quality  flags shall be used to determine data quality condition notifications.,H  F-165H1 QChS shall be able to flag  observations based on more than one observation type.,0.58,NO,NONE,Confidence: 1.00 | Requirement A specifies that 'observation quality flags' are used to derive 'data quality condition 
2005 - clarus low,177,290,ID Requirement  Source Allocation  - EMS Comment Criticality D-062 The Clarus  system shall  disseminate environmental metadata in response to polling.,P-031 The Clarus  system shall be  able to handle three hundred simultaneous requests for environmental data.,0.64,NO,NONE,Confidence: 1.00 | Requirement A defines a core functional capability: the system shall disseminate environmental metad
2005 - clarus low,215,303,P-013 The Clarus  system shall  support 470 million current observations.,F-121 The Clarus  system shall  detect out of range values.,0.515,NO,NONE,Confidence: 1.00 | Requirement A specifies a performance or capacity constraint regarding the number of observations th
2005 - clarus low,196,383,I-017 The Clarus  system shall  employ industry standards to minimize implementation impact to users and providers.,X- 20126 The contributors shall  inform the Clarus  program  of known error(s) and modifications in its data and information.,0.577,NO,NONE,Confidence: 1.00 | Requirement A specifies that the Clarus system should adhere to industry standards for its implement
2005 - clarus low,398,426,ID Requirement  Source Allocation Comment Criticality X-207 The Clarus  program shall  provide an environment that has uninterruptible power for the Clarus  system.,OCS     H  X-921 The Clarus  program shall  maintain information about service providers.,0.538,NO,NONE,Confidence: 1.00 | Requirement A specifies a non-functional constraint regarding the power infrastructure (uninterrupti
2005 - clarus low,126,348,"H-012 The Clarus  system data definitions  shall be consistent with the ITE TM 1.03 standard, Functional Level Traffic Management Data Dictionary (TMDD).",I-016 The Clarus  system shall  transfer data as efficiently as possible.,0.55,NO,NONE,"Confidence: 1.00 | Requirement A mandates adherence to an external standard for data definitions, ensuring consistency "
2005 - clarus low,84,317,F-200 The Clarus  system shall be able to  detect data submission errors.,ID Requirement  Source Allocation -  QChS Comment Criticality  F-162 The Clarus  system shall be  able to implement quality checking spatial tests using available data.,0.529,NO,NONE,"Confidence: 1.00 | Requirement A specifies the capability to detect general data submission errors, which can encompass"
2005 - clarus low,68,365,ID Requirement  Source Allocation -  CAUI Comment Criticality I-031 The Clarus  system shall provide a  user interface for administration.,MHI     M  P-041 The Clarus  system shall be  able to support six hundred concurrent users.,0.528,NO,NONE,Confidence: 1.00 | Requirement A specifies a functional capability: the existence of a user interface for administratio
2005 - clarus low,201,426,Task Force     P-025 The Clarus  system shall  respond to a request for information within five minutes.,OCS     H  X-921 The Clarus  program shall  maintain information about service providers.,0.576,NO,NONE,Confidence: 1.00 | Requirement A specifies a performance constraint for responding to information requests (within five
2005 - clarus low,139,147,L  I-012D1 CS shall be able to process NTCIP  ESS 1204 data.,I-016D3 CS shall be able to accept  environmental data pushed from collectors.,0.518,NO,NONE,"Confidence: 0.90 | Requirement A specifies the capability to 'process NTCIP ESS 1204 data', which implies understanding"
2005 - clarus low,177,294,ID Requirement  Source Allocation  - EMS Comment Criticality D-062 The Clarus  system shall  disseminate environmental metadata in response to polling.,F-101 The Clarus  system shall  implement quality checking processes as soon as data become available.,0.502,NO,NONE,Confidence: 1.00 | Requirement A specifies how environmental metadata is *disseminated* (in response to polling). Requi
2005 - clarus low,22,320,F- 155B2 The CAS shall enable  administrators to manage quality checking rules.,H  F-163H1 QChS shall be able to  implement different quality checking rules specific to regional weather.,0.546,NO,NONE,"Confidence: 1.00 | Requirement A states that administrators can 'manage' quality checking rules, implying actions like "
2005 - clarus low,244,309,F-811 The Clarus  system shall be  able to restrict  environmental data publication based on source.,F-141 The Clarus  system shall  allow human quality checks of observations.,0.58,NO,NONE,Confidence: 1.00 | Requirement A describes the system's ability to control which environmental data is published based 
2005 - clarus low,201,414,Task Force     P-025 The Clarus  system shall  respond to a request for information within five minutes.,"ID Requirement  Source Allocation Comment Criticality X-605 The Clarus  program shall  operate according to Government IT security requirements as outlined in OMB Circular A-130, Management of Federal",0.541,NO,NONE,Confidence: 0.95 | Requirement A specifies a performance characteristic (response time). Requirement B specifies a comp
2005 - clarus low,233,315,F-115J2 QEDS shall provide quality  checking statistics to data contributors.,F-161 The Clarus  system shall be  able to implement quality checking rules for specific environmental situations.,0.506,NO,NONE,Confidence: 1.00 | Requirement A specifies that the QEDS system provides statistics about quality checking. Requirement
2005 - clarus low,181,427,F-213 The Clarus  system shall allow  access to new surface transportation related observed environmental data.,OCS     H  X-925 The Clarus  program shall  maintain information about service provider communications.,0.592,NO,NONE,Confidence: 1.00 | Requirement A specifies that the Clarus system shall allow access to new observed environmental data
2005 - clarus low,217,364,ID Requirement  Source Allocation -  QEDS Comment Criticality  D-051 The Clarus  system shall  disseminate data in  response to a scheduled  request.,H  P-011 The Clarus  system shall be  able to publish environmental data at three times the volume rate that it collects it.,0.53,NO,NONE,Confidence: 1.00 | Requirement A specifies a trigger mechanism for data dissemination (in response to a scheduled reque
2005 - clarus low,183,422,ID Requirement  Source Allocation  - EMS Comment Criticality F-401 The Clarus  system shall be  able to provide sensor equipment metadata in response to a request.,Inferred from ConOps  §2.5.8     L  X-827 Emergency management and  public safety personnel shall be able to use the Clarus   system to obtain  environmental conditions.,0.618,NO,NONE,Confidence: 1.00 | Requirement A specifies that the Clarus system shall provide 'sensor equipment metadata'. This refer
2005 - clarus low,355,400,D- 011A4 Clarus  hosts shall be able to  aggregate environmental data from other Clarus   hosts.,MHI     H  X-211 The Clarus  program shall  provide network management tools.,0.533,NO,NONE,Confidence: 1.00 | Requirement A specifies a capability for Clarus hosts to aggregate environmental data. Requirement B
2005 - clarus low,175,416,I-017 The Clarus  system shall  employ industry standards to minimize implementation impact to users and providers.,Contract     H  X-805 Weather service providers  shall be able to use Clarus   data to provide localized special weather products.,0.531,NO,NONE,"Confidence: 1.00 | Requirement A mandates that the Clarus system employ industry standards, which is a design principle"
2005 - clarus low,108,119,F-245 The Clarus  system shall accept  environmental data from railroad vehicles.,ConOps  §2.5.6 CS   H  F-275D1 CS shall accept environmental  data collected from emergency vehicles.,0.509,NO,NONE,"Confidence: 1.00 | Both requirements specify that the Clarus system (or CS, assumed to be the same or a closely related"
2005 - clarus low,329,423,F-213 The Clarus  system shall  allow access to new  surface transportation related observed environmental data.,Inferred from ConOps  §2.5.6     L  X-905 The Clarus  program shall  maintain information about data providers.,0.548,NO,NONE,Confidence: 0.95 | Requirement A specifies that the system shall allow access to new environmental data. Requirement B 
2005 - clarus low,223,248,D-081 The Clarus  system shall be  able to notify subscribers when data sets become available.,ID Requirement  Source Allocation -  QEDS Comment Criticality  H-011 The Clarus  system baseline  data types shall be defined by the NTCIP ESS 1204 standard.,0.509,NO,NONE,"Confidence: 1.00 | Requirement A describes the system's ability to notify subscribers about data set availability, whic"
2005 - clarus low,211,396,I-021 The Clarus  system shall  allow service providers to select specific desired data sets.,Task Force     X- 20166 The Clarus  program shall  provide to requesters the limitation of liability for using environmental data and metadata.,0.522,NO,NONE,Confidence: 1.00 | Requirement A describes the ability for service providers to select specific data sets. Requirement 
2005 - clarus low,18,288,F-151 The Clarus  system shall  record the methods applied when deriving quality checking information.,P-025 The Clarus  system shall  respond to a request for information within one minute.,0.555,NO,NONE,Confidence: 1.00 | Requirement A specifies that the system shall record information about quality checking methods. Req
2005 - clarus low,7,25,"When this is done, the data will be  published to the Service Providers and  other participant/consumers in Clarus .",F-163 The Clarus  system shall be  able to implement quality checking rules specific to observation locations.,0.514,NO,NONE,Confidence: 0.95 | Requirement A describes the action of publishing data to external consumers. Requirement B describes
2005 - clarus low,246,420,F-905 The Clarus  system shall log  data transactions.,Inferred from ConOps  §2.5.3     L  X-823 Transit personnel shall be  able to use the Clarus   system to obtain environmental conditions.,0.503,NO,NONE,"Confidence: 1.00 | Requirement A states that the Clarus system shall log data transactions, which is an internal system"
2005 - clarus low,20,290,F-155 The Clarus  system shall be  able to implement quality checking rules for each environmental parameter.,P-031 The Clarus  system shall be  able to handle three hundred simultaneous requests for environmental data.,0.615,NO,NONE,Confidence: 0.95 | Requirement A specifies a functional capability (implementing quality checking rules for environment
2005 - clarus low,138,262,ID Requirement  Source Allocation -  CS Comment Criticality I-012 The Clarus  system shall be able to  communicate with environmental sensor stations through its collector using the NTCIP ESS 1204.,I-021 The Clarus  system shall  allow service providers to select specific desired datasets.,0.589,NO,NONE,Confidence: 1.00 | Requirement A describes the system's capability to communicate with external environmental sensor st
2005 - clarus low,124,323,H-011 The Clarus  system baseline data  types shall be defined by the NTCIP ESS 1204 standard.,F-166 The Clarus  system shall be  able to base its quality checking process on values distributed in time.,0.578,NO,NONE,Confidence: 1.00 | Requirement A specifies a standard for the definition of data types within the Clarus system. Requir
2005 - clarus low,182,412,L  F-213F1 The Clarus  system shall allow  new EMS to be implemented that disseminate new observation types to be implemented as they become available.,OCS     H  X-315 The Clarus  program shall  test all hardware changes in the designated test environment before deployment to production.,0.572,NO,NONE,Confidence: 1.00 | Requirement A specifies that the Clarus system must be designed to accommodate new EMS implementatio
2005 - clarus low,368,435,MHI     H  Q-013 The Clarus  system shall be  able to respond to 95% of all requests for environmental data 95% of the time.,The Clarus  climatological threshold  values will be station-specific and will be  based on either regional extremes or  individual station extremes (if they are available).,0.514,NO,NONE,Confidence: 1.00 | Requirement A specifies a performance and availability characteristic for the Clarus system related 
2005 - clarus low,204,214,"OCS QChS,  CAUI, QEDC   H  F-111I1 The QEDC shall keep the  results of each quality test for each observation for the life of the observation.","MHI QEDS,  QEDC   H  I-022I1 The QEDC shall support  queries against all of its available observation datasets.",0.572,NO,NONE,Confidence: 1.00 | Requirement A specifies a data retention policy: the QEDC must keep quality test results for observa
2005 - clarus low,17,278,"ConOps §2.4 QChS, SS,  CAS   H  F- 101B1 The CAS shall be able to  configure schedules for executing QChS.",ConOps §4.5     H  I-033J1 QEDS shall be able to  accept a subscription  request.,0.537,NO,NONE,Confidence: 1.00 | Requirement A specifies that the 'CAS' system can configure schedules for 'QChS' execution. Requirem
2005 - clarus low,3,108,"First, the participants will be able to share  collected environmental data  with Clarus .",F-245 The Clarus  system shall accept  environmental data from railroad vehicles.,0.546,YES,OVERLAP,"Confidence: 0.90 | Requirement A states that 'participants' will be able to share environmental data with Clarus, imply"
2005 - clarus low,385,395,ID Requirement  Source Allocation Comment Criticality X- 20128 The Clarus  program shall  report successes and failures in data and information transmission to its contributors.,X- 20165 The Clarus  program shall  provide to contributors the limitation of liability for contributing environmental data and metadata.,0.624,NO,NONE,Confidence: 1.00 | Requirement A mandates reporting on the operational success or failure of data transmission. Require
2005 - clarus low,4,23,"Second, participants will be able to  receive environmental data  collected by Clarus .",ID Requirement  Source Allocation  - CAS Comment Criticality F-161 The Clarus  system shall be  able to implement quality checking rules for specific environmental situations.,0.505,NO,NONE,Confidence: 0.95 | Requirement A states that participants will receive environmental data collected by Clarus. Requirem
2005 - clarus low,309,419,F-141 The Clarus  system shall  allow human quality checks of observations.,Inferred from ConOps  §2.5.7     L  X-821 Traffic management  personnel shall be able to use the Clarus  system to  obtain environmental conditions.,0.571,NO,NONE,Confidence: 1.00 | Requirement A specifies that the Clarus system shall allow human quality checks of observations. Req
2005 - clarus low,3,8,"First, the participants will be able to share  collected environmental data  with Clarus .","2.2 System Functions   The Clarus  system will collect data from contributing members, organize and  quality check the data, and then publish the data for use by service providers and  other members o",0.583,YES,OVERLAP,Confidence: 0.95 | Requirement A states that 'participants will be able to share collected environmental data with Clar
2005 - clarus low,164,174,L  F- 213E1 The EMC shall be configurable  to allow new observation types to be implemented as they become available.,H- 120E9 The EMC shall be able to  maintain a reference to additional metadata.,0.645,NO,NONE,Confidence: 1.00 | Requirement A specifies that the EMC must be configurable to adapt to new observation types. Require
2005 - clarus low,276,382,I-028J2 QEDS shall accept source  queries that are a list of Clarus  contributors  combined with a station identifier.,X- 20124 The Clarus  Initiative  Management Team shall agree upon the activities and products that will enhance public understanding/ communication of the contribution of the Clarus   program.,0.593,NO,NONE,Confidence: 1.00 | Requirement A describes a technical function of the QEDS system concerning the format of source quer
2005 - clarus low,9,298,The Clarus   system should be a data collection system capable of handling a vast range of data  in a flexible manner that permits new data types to be added.,F-111 The Clarus  system shall  provide environmental data quality flags.,0.613,NO,NONE,Confidence: 0.95 | Requirement A describes the Clarus system as a flexible data collection system capable of handling d
2005 - clarus low,298,317,F-111 The Clarus  system shall  provide environmental data quality flags.,ID Requirement  Source Allocation -  QChS Comment Criticality  F-162 The Clarus  system shall be  able to implement quality checking spatial tests using available data.,0.62,NO,NONE,"Confidence: 0.90 | Requirement A specifies that the system shall provide environmental data quality flags, indicating a"
2005 - clarus low,149,205,H  I-017D1 CS shall be able to extract  environmental data from an XML message that conforms to the Clarus  standard XML message  specification.,F-213 The Clarus  system shall  allow access to new surface transportation related observed environmental data.,0.53,NO,NONE,Confidence: 1.00 | Requirement A describes the capability of the 'H I-017D1 CS' system to extract environmental data fr
2005 - clarus low,16,388,ID Requirement  Source Allocation  - CAS Comment Criticality F-101 The Clarus  system shall  implement quality checking processes as soon as data become available.,X- 20132 The Clarus  Initiative  Management Team shall review and amend data and information sharing and use policies.,0.523,NO,NONE,Confidence: 0.95 | Requirement A describes a technical function performed by the 'Clarus system' related to data qualit
2005 - clarus low,257,416,I-017 The Clarus  system shall  employ industry standards to minimize implementation impact to users and providers.,Contract     H  X-805 Weather service providers  shall be able to use Clarus   data to provide localized special weather products.,0.531,NO,NONE,Confidence: 1.00 | Requirement A mandates the use of industry standards to minimize implementation impact. Requirement 
2005 - clarus low,84,399,F-200 The Clarus  system shall be able to  detect data submission errors.,MHI     H  X-209 The Clarus  program shall  provide an environment that has redundant communication for the  Clarus  system.,0.519,NO,NONE,"Confidence: 1.00 | Requirement A specifies that the Clarus system shall detect data submission errors, which relates to"
2005 - clarus low,389,419,X- 20139 The contributors shall have  the right to use the Clarus   system data and information for purposes delineated within the Clarus  Data  Sharing Agreement.,Inferred from ConOps  §2.5.7     L  X-821 Traffic management  personnel shall be able to use the Clarus  system to  obtain environmental conditions.,0.58,NO,NONE,Confidence: 1.00 | Requirement A grants data usage rights to 'contributors' under a specific agreement. Requirement B g
2005 - clarus low,272,346,I-027 The Clarus  system shall  enable environmental data queries by quality.,F-905 The Clarus  system shall log  data transactions.,0.552,NO,NONE,"Confidence: 1.00 | Requirement A describes the ability to query environmental data, specifically by quality. Requiremen"
2005 - clarus low,399,403,MHI     H  X-209 The Clarus  program shall  provide an environment that has redundant communication for the  Clarus  system.,OCS     H  X-225 The Clarus  program shall  provide a trained support staff.,0.547,NO,NONE,Confidence: 1.00 | Requirement A specifies a technical infrastructure detail (redundant communication for the system's 
2005 - clarus low,364,421,H  P-011 The Clarus  system shall be  able to publish environmental data at three times the volume rate that it collects it.,Inferred from ConOps  §2.5.5     L  X-825 The freight community shall  be able to use the Clarus   system to obtain environmental conditions.,0.527,NO,NONE,Confidence: 1.00 | Requirement A specifies a performance characteristic for the Clarus system regarding its data publis
2005 - clarus low,255,272,I-016 The Clarus  system shall  transfer data as efficiently as possible.,I-027 The Clarus  system shall  enable environmental data queries by quality.,0.627,NO,NONE,Confidence: 0.95 | Requirement A specifies a non-functional constraint regarding the efficiency of data transfer within
2005 - clarus low,151,261,I-017D3 CS that process comma separated  value ASCII text shall be able to dynamically parse environmental data that includes a descriptive header row conforming to the Clarus  collector standard mess,I-017J4 QEDS shall be able to  disseminate environmental data in comma separated value ASCII format.,0.61,NO,NONE,Confidence: 1.00 | Requirement A describes the ability of system 'I-017D3 CS' to *parse* (process as input) environment
2005 - clarus low,329,404,F-213 The Clarus  system shall  allow access to new  surface transportation related observed environmental data.,ConOps §3.3.1     H  X-232 The Clarus  program shall  define quality checking rules for environmental observations.,0.523,NO,NONE,Confidence: 1.00 | Requirement A describes allowing access to environmental data. Requirement B describes defining qual
2005 - clarus low,20,395,F-155 The Clarus  system shall be  able to implement quality checking rules for each environmental parameter.,X- 20165 The Clarus  program shall  provide to contributors the limitation of liability for contributing environmental data and metadata.,0.559,NO,NONE,Confidence: 1.00 | Requirement A specifies a technical capability for data quality assurance (implementing quality chec
2005 - clarus low,400,428,MHI     H  X-211 The Clarus  program shall  provide network management tools.,OCS     M  X-931 The Clarus  program shall  maintain information about service provider access to data.,0.595,NO,NONE,"Confidence: 1.00 | Requirement A specifies that the Clarus program shall provide 'network management tools', which refe"
2005 - clarus low,28,328,"Inferred from ConOps  §3.5.1.4 QChS,  CAS   H  F- 171B1 The CAS shall be able to  configure historical  environmental data to be used by quality checking processes.",M  F-175H1 QChS shall be  implemented for each defined standard quality checking algorithm.,0.558,NO,NONE,Confidence: 1.00 | Requirement A specifies that the CAS (likely a system or component) must be able to configure histor
2005 - clarus low,234,379,F-140 The Clarus  system shall  enable quality managers to review which quality checks passed or failed.,X- 20119 The Clarus  program shall  provide data and information statistics on its operation to contributors.,0.517,NO,NONE,Confidence: 1.00 | Requirement A specifies that quality managers can review the pass/fail status of quality checks. Req
2005 - clarus low,118,292,F-275 The Clarus  system shall accept  environmental data from emergency vehicles.,"ID Requirement  Source Allocation -  QChS Comment Criticality  F-100 The Clarus  system shall  collect, quality check, and disseminate environmental data.",0.587,YES,OVERLAP,Confidence: 0.90 | Requirement A states that the system shall 'accept' environmental data from emergency vehicles. Requ
2005 - clarus low,246,384,F-905 The Clarus  system shall log  data transactions.,X- 20127 The Clarus  program shall  determine its redistribution of shared data from contributors based upon Clarus  Data Sharing  Agreements.,0.53,NO,NONE,"Confidence: 1.00 | Requirement A specifies that the Clarus system shall log data transactions, which is a record-keepin"
2005 - clarus low,18,428,F-151 The Clarus  system shall  record the methods applied when deriving quality checking information.,OCS     M  X-931 The Clarus  program shall  maintain information about service provider access to data.,0.546,NO,NONE,Confidence: 1.00 | Requirement A specifies recording methods related to quality checking information. Requirement B spe
2005 - clarus low,301,394,F-115 The Clarus  system shall  provide notification of data quality conditions to data contributors.,"X- 20152 Any reference in the Clarus   Data Sharing Agreement to statutes, regulations and rules shall be a reference to the amended, substituted, replaced or re-enacted statute, regulations and rules",0.595,NO,NONE,Confidence: 1.00 | Requirement A specifies a functional capability of the Clarus system: providing data quality notific
2005 - clarus low,368,386,MHI     H  Q-013 The Clarus  system shall be  able to respond to 95% of all requests for environmental data 95% of the time.,X- 20129 The contributors shall report  periods of data and information outages to the  Clarus  program.,0.572,NO,NONE,Confidence: 1.00 | Requirement A specifies a performance and availability target for the Clarus system regarding enviro
2005 - clarus low,219,363,D-061 The Clarus  system shall  disseminate environmental data in response to polling.,OCS     H  X-801 The Clarus  program shall  alert users to system modifications.,0.571,NO,NONE,Confidence: 1.00 | Requirement A describes the system's capability to provide environmental data upon request (polling)
2005 - clarus low,368,384,MHI     H  Q-013 The Clarus  system shall be  able to respond to 95% of all requests for environmental data 95% of the time.,X- 20127 The Clarus  program shall  determine its redistribution of shared data from contributors based upon Clarus  Data Sharing  Agreements.,0.554,NO,NONE,Confidence: 1.00 | Requirement A defines a performance/availability constraint for the Clarus system concerning its abi
2005 - clarus low,237,341,L  F-213J1 QEDS shall be able to  disseminate new observation types as they become available.,"7) QChS,  QEDS   H  P-024H1 All QChS shall be  completed within twenty minutes of data being available for checking.",0.513,NO,NONE,Confidence: 1.00 | Requirement A states that the QEDS system must be capable of disseminating new *observation types* a
2005 - clarus low,292,339,"ID Requirement  Source Allocation -  QChS Comment Criticality  F-100 The Clarus  system shall  collect, quality check, and disseminate environmental data.",ID Requirement  Source Allocation -  QChS Comment Criticality  P-023H1 A QChS shall be able to  complete an automated quality check within ten seconds of when data is available for checking.,0.7,NO,NONE,"Confidence: 1.00 | Requirement A states that 'The Clarus system shall collect, quality check, and disseminate environme"
2005 - clarus low,184,199,H  F-401F1 EMS shall be able to provide  sensor equipment metadata in response to a request.,MHI     H  I-023F1 EMS responses shall include  metadata that meets the requested metadata query filtering specifications.,0.676,NO,NONE,Confidence: 0.95 | Requirement A states that the EMS shall be able to provide sensor equipment metadata in response to 
2005 - clarus low,171,174,H- 120E6 The EMC shall be able to  maintain an equipment list for each station.,H- 120E9 The EMC shall be able to  maintain a reference to additional metadata.,0.672,NO,NONE,Confidence: 1.00 | Requirement A specifies maintaining an 'equipment list for each station'. Requirement B specifies ma
2005 - clarus low,310,328,ID Requirement  Source Allocation -  QChS Comment Criticality  F-141H1 QChS shall implement a  manual override to set quality flags.,M  F-175H1 QChS shall be  implemented for each defined standard quality checking algorithm.,0.664,NO,NONE,"Confidence: 1.00 | Requirement A specifies a 'manual override to set quality flags,' indicating the need for human inte"
2005 - clarus low,114,179,F-261 The Clarus  system shall accept  environmental data from service patrol vehicles.,D-091 The Clarus  system shall  disseminate data using standard Internet protocols.,0.653,NO,NONE,Confidence: 1.00 | Requirement A describes the system's ability to ingest data (accept environmental data from vehicles
2005 - clarus low,9,290,The Clarus   system should be a data collection system capable of handling a vast range of data  in a flexible manner that permits new data types to be added.,P-031 The Clarus  system shall be  able to handle three hundred simultaneous requests for environmental data.,0.674,NO,NONE,"Confidence: 1.00 | Requirement A specifies the overall capabilities of the system regarding data variety, flexibility, "
2005 - clarus low,73,194,I-032 The Clarus  system shall manage  environmental data and metadata according to the Clarus  data  sharing agreements.,Task Force     I-016 The Clarus  system shall  transfer data as efficiently as possible.,0.667,NO,NONE,"Confidence: 0.90 | Requirement A focuses on policy and governance for data management, ensuring adherence to data shari"
2005 - clarus low,410,421,Inferred from ConOps  §4.3     M  X-305 The Clarus  program shall  maintain a comprehensive Clarus  system test  environment.,Inferred from ConOps  §2.5.5     L  X-825 The freight community shall  be able to use the Clarus   system to obtain environmental conditions.,0.745,NO,NONE,"Confidence: 1.00 | Requirement A specifies the need for a comprehensive test environment for the Clarus system, which i"
2005 - clarus low,92,101,F-213 The Clarus  system shall allow  access to new surface transportation-related observed environmental data.,F-223 The Clarus  system shall process  data as they are received.,0.681,NO,NONE,"Confidence: 1.00 | Requirement A describes the capability to allow access to new environmental data, focusing on the ex"
2005 - clarus low,22,30,F- 155B2 The CAS shall enable  administrators to manage quality checking rules.,M  F- 175B1 The CAS shall be able to  configure multiple algorithms to be used in the quality checking process.,0.686,NO,NONE,"Confidence: 1.00 | Requirement A describes the administrative capability to manage (create, edit, delete) quality check"
2005 - clarus low,213,315,I-022 The Clarus  system shall  respond to queries for environmental data from the  available data.,F-161 The Clarus  system shall be  able to implement quality checking rules for specific environmental situations.,0.691,NO,NONE,Confidence: 1.00 | Requirement A describes the system's ability to respond to queries for environmental data. Requireme
2005 - clarus low,3,31,"First, the participants will be able to share  collected environmental data  with Clarus .",F-213 The Clarus  system shall  allow access to new surface transportation-related environmental data.,0.663,NO,NONE,Confidence: 1.00 | Requirement A describes the ability for participants to *share* environmental data *with* Clarus (da
2005 - clarus low,92,99,F-213 The Clarus  system shall allow  access to new surface transportation-related observed environmental data.,F-222 The Clarus system shall minimize  the time for data acquisition.,0.715,NO,NONE,Confidence: 1.00 | Requirement F-213 specifies the type of data the Clarus system must allow access to (new surface tra
2005 - clarus low,3,134,"First, the participants will be able to share  collected environmental data  with Clarus .","H-301 The Clarus  system shall be able to  acquire, process, and disseminate  environmental data from across  North America.",0.665,NO,NONE,Confidence: 0.95 | Requirement A describes the capability of participants to share data with Clarus. Requirement B desc
2005 - clarus low,98,110,"Task Force  review CS Changed from ""The Clarus  system shall  be able to retrieve environmental data directly from environmental sensor stations."" L  F-221D1 CS shall be able to retrieve  environmenta",F-251 The Clarus  system shall accept  environmental data from (roadway) vehicles.,0.746,NO,NONE,Confidence: 1.00 | Requirement A states the system shall retrieve environmental data directly from environmental sensor
2005 - clarus low,58,344,F-141 The Clarus  system shall allow  human quality checks of environmental data.,F-101 The Clarus  system shall  implement quality checking processes as soon as data become available.,0.717,NO,NONE,Confidence: 0.95 | Requirement B mandates the system to implement automated quality checking processes immediately upon
2005 - clarus low,23,58,ID Requirement  Source Allocation  - CAS Comment Criticality F-161 The Clarus  system shall be  able to implement quality checking rules for specific environmental situations.,F-141 The Clarus  system shall allow  human quality checks of environmental data.,0.659,NO,NONE,Confidence: 1.00 | Requirement A specifies the capability to implement automated quality checking rules for specific en
2005 - clarus low,23,311,ID Requirement  Source Allocation  - CAS Comment Criticality F-161 The Clarus  system shall be  able to implement quality checking rules for specific environmental situations.,F-151 The Clarus  system shall  record the methods applied when deriving quality checking information.,0.656,NO,NONE,Confidence: 0.95 | Requirement A specifies that the Clarus system must be able to implement quality checking rules for 
2005 - clarus low,73,298,I-032 The Clarus  system shall manage  environmental data and metadata according to the Clarus  data  sharing agreements.,F-111 The Clarus  system shall  provide environmental data quality flags.,0.721,NO,NONE,"Confidence: 0.95 | Requirement A describes the overarching function of managing environmental data and metadata, along "
2005 - clarus low,255,290,I-016 The Clarus  system shall  transfer data as efficiently as possible.,P-031 The Clarus  system shall be  able to handle three hundred simultaneous requests for environmental data.,0.675,NO,NONE,"Confidence: 0.95 | Requirement A focuses on the efficiency of data transfer, aiming for optimal resource utilization an"
2005 - clarus low,213,288,I-022 The Clarus  system shall  respond to queries for environmental data from the  available data.,P-025 The Clarus  system shall  respond to a request for information within one minute.,0.716,NO,NONE,Confidence: 1.00 | Requirement A defines a functional capability: the system shall respond to queries for environmental
2005 - clarus low,311,325,F-151 The Clarus  system shall  record the methods applied when deriving quality checking information.,ID Requirement  Source Allocation -  QChS Comment Criticality  F-171 The Clarus  system shall be  able to base its quality checking process on historical environmental data.,0.691,NO,NONE,Confidence: 1.00 | Requirement A mandates recording the *methods* used for deriving quality checking information (focus
2005 - clarus low,163,342,ID Requirement  Source Allocation  - EMC Comment Criticality F-213 The Clarus  system shall allow  access to new surface transportation related observed  environmental data.,ID Requirement  Source Allocation  - SS Comment Criticality D-051 The Clarus  system shall  disseminate data in response to a scheduled request.,0.742,NO,NONE,Confidence: 0.95 | Requirement A specifies that the Clarus system must enable access to a particular type of data ('new
2005 - clarus low,37,138,ID Requirement  Source Allocation  - CAS Comment Criticality F-811 The Clarus  system shall be  able to restrict environmental data publication based on source.,ID Requirement  Source Allocation -  CS Comment Criticality I-012 The Clarus  system shall be able to  communicate with environmental sensor stations through its collector using the NTCIP ESS 1204.,0.699,NO,NONE,Confidence: 1.00 | Requirement A specifies the ability to control or restrict the publication of environmental data bas
2005 - clarus low,90,101,F-211 The Clarus  system shall be able to  receive roadway weather measurements derived from VII data.,F-223 The Clarus  system shall process  data as they are received.,0.682,NO,NONE,Confidence: 1.00 | Requirement A specifies the capability to receive a particular type of data (roadway weather measure
2005 - clarus low,118,309,F-275 The Clarus  system shall accept  environmental data from emergency vehicles.,F-141 The Clarus  system shall  allow human quality checks of observations.,0.689,NO,NONE,Confidence: 1.00 | Requirement A specifies that the Clarus system must accept environmental data from emergency vehicle
2005 - clarus low,98,138,"Task Force  review CS Changed from ""The Clarus  system shall  be able to retrieve environmental data directly from environmental sensor stations."" L  F-221D1 CS shall be able to retrieve  environmenta",ID Requirement  Source Allocation -  CS Comment Criticality I-012 The Clarus  system shall be able to  communicate with environmental sensor stations through its collector using the NTCIP ESS 1204.,0.696,YES,CONTRADICTION,Confidence: 0.95 | Requirement A states that 'The Clarus system shall be able to retrieve environmental data *directly*
2005 - clarus low,16,163,ID Requirement  Source Allocation  - CAS Comment Criticality F-101 The Clarus  system shall  implement quality checking processes as soon as data become available.,ID Requirement  Source Allocation  - EMC Comment Criticality F-213 The Clarus  system shall allow  access to new surface transportation related observed  environmental data.,0.69,NO,NONE,Confidence: 0.95 | Requirement A mandates quality checking processes upon data availability. Requirement B mandates all
2005 - clarus low,203,424,ID Requirement  Source Allocation  - QEDC Comment Criticality F-111 The Clarus  system shall  provide environmental data quality flags.,ID Requirement  Source Allocation Comment Criticality X-910 The Clarus  program shall  maintain metadata about each data provider's network.,0.718,NO,NONE,"Confidence: 1.00 | Requirement A specifies that the Clarus system shall provide environmental data quality flags, which"
2005 - clarus low,198,244,I-023 The Clarus  system shall  respond to queries for environmental metadata from the available metadata.,F-811 The Clarus  system shall be  able to restrict  environmental data publication based on source.,0.712,NO,NONE,Confidence: 0.95 | Requirement A states that the Clarus system shall respond to queries for environmental metadata from
2005 - clarus low,53,234,F-111 The Clarus  system shall provide  environmental data quality flags.,F-140 The Clarus  system shall  enable quality managers to review which quality checks passed or failed.,0.691,NO,NONE,Confidence: 0.95 | Requirement A mandates the system to *provide environmental data quality flags*. This focuses on the
2005 - clarus low,92,348,F-213 The Clarus  system shall allow  access to new surface transportation-related observed environmental data.,I-016 The Clarus  system shall  transfer data as efficiently as possible.,0.678,NO,NONE,Confidence: 1.00 | Requirement A defines a functional capability: allowing access to a specific type of data. Requireme
2005 - clarus low,198,355,I-023 The Clarus  system shall  respond to queries for environmental metadata from the available metadata.,D- 011A4 Clarus  hosts shall be able to  aggregate environmental data from other Clarus   hosts.,0.72,NO,NONE,Confidence: 0.95 | Requirement A describes the Clarus system's ability to respond to queries for environmental *metadat
2005 - clarus low,234,338,F-140 The Clarus  system shall  enable quality managers to review which quality checks passed or failed.,P-023 The Clarus  system shall be  able to complete an automated quality checking check of environmental data within ten seconds of data receipt.,0.676,NO,NONE,Confidence: 1.00 | Requirement A specifies that quality managers can review the results of quality checks. Requirement 
2005 - clarus low,262,428,I-021 The Clarus  system shall  allow service providers to select specific desired datasets.,OCS     M  X-931 The Clarus  program shall  maintain information about service provider access to data.,0.693,NO,NONE,Confidence: 1.00 | Requirement A specifies that the system must allow service providers to select desired datasets. Req
2005 - clarus low,302,330,H  F-115H1 A QChS shall evaluate data  quality conditions.,L  F-213H1 QChS shall be  implemented to quality check new observation types as they become available.,0.756,NO,NONE,Confidence: 0.95 | Requirement A specifies that 'H F-115H1 A QChS' shall evaluate general 'data quality conditions'. Re
2005 - clarus low,221,288,D-071 The Clarus  system shall  disseminate data in response to a change notification request.,P-025 The Clarus  system shall  respond to a request for information within one minute.,0.758,NO,NONE,Confidence: 1.00 | Requirement A describes a push-based data dissemination mechanism triggered by a change notification
2005 - clarus low,31,163,F-213 The Clarus  system shall  allow access to new surface transportation-related environmental data.,ID Requirement  Source Allocation  - EMC Comment Criticality F-213 The Clarus  system shall allow  access to new surface transportation related observed  environmental data.,0.781,YES,OVERLAP,Confidence: 0.95 | Requirement B is a more specific version of Requirement A. Requirement A specifies access to 'enviro
2005 - clarus low,54,56,"OCS QChS,  CAUI, QEDC   H  F-111C1 The CAUI shall enable a quality  manager to apply manual flags to a set of observations from an individual ESS.",F-111C3 The CAUI shall enable a quality  manager to apply manual flags to a set of observations over a fixed time range.,0.76,NO,NONE,Confidence: 1.00 | Requirement A specifies that the 'set of observations' originates 'from an individual ESS'. Requirem
2005 - clarus low,110,120,F-251 The Clarus  system shall accept  environmental data from (roadway) vehicles.,F-281 The Clarus  system shall be able to  receive weather data from weather service providers.,0.771,NO,NONE,Confidence: 1.00 | Requirement A describes the system accepting environmental data specifically from (roadway) vehicles
2005 - clarus low,381,414,"ID Requirement  Source Allocation Comment Criticality X- 20121 The Clarus  program shall  inform contributors of the ""acceptance and use"" of their data and information.","ID Requirement  Source Allocation Comment Criticality X-605 The Clarus  program shall  operate according to Government IT security requirements as outlined in OMB Circular A-130, Management of Federal",0.775,NO,NONE,Confidence: 1.00 | Requirement A describes a specific communication feature: informing data contributors about the acce
2005 - clarus low,213,219,I-022 The Clarus  system shall  respond to queries for environmental data from the  available data.,D-061 The Clarus  system shall  disseminate environmental data in response to polling.,0.792,YES,OVERLAP,Confidence: 0.95 | Requirement A states that the system shall 'respond to queries for environmental data'. Requirement 
2005 - clarus low,77,130,"ID Requirement  Source Allocation -  CS Comment Criticality F-100 The Clarus  system shall collect,  quality check, and disseminate environmental data.","ID Requirement  Source Allocation -  CS Comment Criticality H-151 The Clarus  system shall accept  only observations that include location, timestamp, and source metadata.",0.805,NO,NONE,"Confidence: 1.00 | Requirement A describes the broad functionality of the Clarus system to collect, quality check, and "
2005 - clarus low,231,374,ID Requirement  Source Allocation -  QEDS Comment Criticality  F-115 The Clarus  system shall  provide notification of data quality conditions to data contributors.,ID Requirement  Source Allocation Comment Criticality X- 20113 The contributors shall  identify and define the types of data and information that will be included in the Clarus Data Sharing  Agreement,0.851,NO,NONE,Confidence: 1.00 | Requirement A specifies that the Clarus system will provide notifications about data quality to data
2005 - clarus low,16,317,ID Requirement  Source Allocation  - CAS Comment Criticality F-101 The Clarus  system shall  implement quality checking processes as soon as data become available.,ID Requirement  Source Allocation -  QChS Comment Criticality  F-162 The Clarus  system shall be  able to implement quality checking spatial tests using available data.,0.832,NO,NONE,"Confidence: 0.95 | Requirement A mandates that quality checking processes occur 'as soon as data become available,' est"
2005 - clarus low,419,420,Inferred from ConOps  §2.5.7     L  X-821 Traffic management  personnel shall be able to use the Clarus  system to  obtain environmental conditions.,Inferred from ConOps  §2.5.3     L  X-823 Transit personnel shall be  able to use the Clarus   system to obtain environmental conditions.,0.947,YES,OVERLAP,Confidence: 0.90 | Both requirements describe the exact same system functionality: 'use the Clarus system to obtain env
2005 - microcare,48,60,− The VSP will send the collected claim forms  monthly and send it to MSIU  field office.,VSP Name (as the report header and below as the details part of report)    Claim No  Date  Date of System Entry  Amount  Status  Remarks    Cumulative Total Amount will show in R eport footer for the ,0.602,NO,NONE,Confidence: 0.90 | Requirement A describes an action: the VSP sending collected claim forms monthly to a specific offic
2005 - microcare,20,49,• The will be a provision to create a minimum quantity of vouchers at one time  (such minimum numbers will be decided by the management team).,Voucher Service Provider (VSP) Master Information      The VSP master will have the following information:     o VSP Code  o Providers Name  Copyri ght © 2005 by M icrocare Lt d  Software  Requirement,0.506,NO,NONE,"Confidence: 1.00 | Requirement A specifies a functional constraint regarding the creation of vouchers, specifically a m"
2005 - microcare,31,54,New (adding new records)  Edit (updating available records)  Delete  (deleting will be allowed only if no child records are created)  Copyri ght © 2005 by M icrocare Lt d  Software  Requirement Specif,Copyri ght © 2005 by M icrocare Lt d  Software  Requirement Specification for VMUS (Voucher Management Unit System)                              Page 18 of 33  The system will populate Active VSP onl ,0.692,NO,NONE,"Confidence: 1.00 | Requirement A defines core CRUD operations (New, Edit, Delete) for records, with a specific constrai"
2005 - microcare,37,67,Distribution Transactions (Sal es from MSIU to Distributor)      Copyri ght © 2005 by M icrocare Lt d  Software  Requirement Specification for VMUS (Voucher Management Unit System)                    ,Date of submission should be current date  Copyri ght © 2005 by M icrocare Lt d  Software  Requirement Specification for VMUS (Voucher Management Unit System)                              Page 21 of 3,0.756,NO,NONE,Confidence: 1.00 | Requirement A describes a functional aspect related to 'Distribution Transactions (Sales from MSIU t
2005 - microcare,37,57,Distribution Transactions (Sal es from MSIU to Distributor)      Copyri ght © 2005 by M icrocare Lt d  Software  Requirement Specification for VMUS (Voucher Management Unit System)                    ,Copyri ght © 2005 by M icrocare Lt d  Software  Requirement Specification for VMUS (Voucher Management Unit System)                              Page 19 of 33  The system will control the payment proc,0.825,NO,NONE,"Confidence: 1.00 | Requirement A specifies 'Distribution Transactions (Sales from MSIU to Distributor)', describing a s"
2005 - pontis,111,169,UC-14 Create/Edit Projects  14.1 The user shall be able  to create new pr ojects by manually entering the  project  information.,22.15 The adminis trator shall be able to add custom project lists.,0.554,NO,NONE,Confidence: 1.00 | Requirement A describes the ability for a user to create individual projects by manually entering in
2005 - pontis,109,111,4.5 PROJECT & PROGRAM DEVELO PMENT   UC-13 Create/Edit Programs  13.1 The user shall be able t o create ne w programs by manually entering program  information.,UC-14 Create/Edit Projects  14.1 The user shall be able  to create new pr ojects by manually entering the  project  information.,0.631,NO,NONE,"Confidence: 1.00 | Requirement A describes the ability to create 'programs', while Requirement B describes the ability "
2005 - pontis,94,95,Pontis 5.0    Functional Requirements Specification v1 .0  7.7 The system shall be capable of recoveri ng the model if the elicitation process   fails.,"7.8 The system shall be capable of restorin g the previous action costs, transition   probab ilities , and preser vation polic y.",0.502,YES,OVERLAP,Confidence: 0.90 | Requirement A specifies the capability to 'recover the model' if the elicitation process fails. Requ
2005 - pontis,139,153,19.2 The adminis trator shall be able to as sign users to  application roles.,21.8 The syste m shall be capable of operatin g with a single-sign-on authentic ation  mechanism based on Active Director y Services or the LDAP standard.23  UC-22 Configur e Application Functionaliti,0.547,NO,NONE,Confidence: 1.00 | Requirement A describes the functionality for an administrator to assign users to application roles 
2005 - pontis,82,96,7.4 The syste m shall be capable of calculat ing Struct urally Defic ient/Functionally  Obsolete (SD/FO) statu s.,7.9 The syst em shall be ca pable of support ing multip le cost and deterioration   models.,0.568,NO,NONE,Confidence: 0.95 | Requirement A specifies the capability to calculate a specific status (SD/FO). Requirement B specifi
2005 - pontis,19,49,Pontis 5.0 must provide well-defined and do cumented access to selected  product fun ctionality and data for third-party developers.,3.4 The system shall provide the ability to  incorporate PDF files into standard  Pontis reports.,0.526,NO,NONE,Confidence: 1.00 | Requirement A specifies the need for an external API/interface for third-party developers to access 
2005 - pontis,59,144,5.6 The system shall support storage an d managem ent of information for bridges   in a de sign or preconstruction state  (functional requirement is related  to 4.5  above)  5.7 The user shall be able,20.3 The adminis trator shall be able to create bridge-level access filters.,0.516,NO,NONE,Confidence: 1.00 | Requirement A specifies the system's capability to store and manage information related to bridges. 
2005 - pontis,211,212,"•  •  •  • Pontis 5.0  Release:  This versio n of Ponti s will inco rporate the core   functionalit y of the  software, as w ell as the  functionality of the I nspection  module, and it will be availa","Pontis 5.1 Release:  This version of the soft ware will  incorpo rate the  functionalit y of the Project Planni ng and Gateway modules, and it will be   available no later than  March 2008.",0.655,NO,NONE,Confidence: 1.00 | Requirement A specifies the scope for 'Pontis 5.0 Release' (core functionality + Inspection module).
2005 - pontis,8,104,Pontis 5.0    Functional Requirements Specification v1 .0  Pontis 5.0 must address this objective e xplicitly and m ust be sign ificantly   improved o ver current version(s).,4-7  Pontis 5.0    Functional Requirements Specification v1 .0  10.4 The user shall be ab le to select the stru ctural elements to be included in the  simulation.,0.77,NO,NONE,Confidence: 1.00 | Requirement A is a high-level objective stating that Pontis 5.0 must be significantly improved. Requ
2005 - pontis,8,178,Pontis 5.0    Functional Requirements Specification v1 .0  Pontis 5.0 must address this objective e xplicitly and m ust be sign ificantly   improved o ver current version(s).,"4-13  Pontis 5.0    Functional Requirements Specification v1 .0  24.4 The system  shall provide a fixed set of  predefined, secure d, administration  reports to document users, user  roles, app licati",0.832,NO,NONE,"Confidence: 0.95 | Requirement A is a high-level, overarching objective stating that Pontis 5.0 must address an objecti"
2005 - pontis,28,40,The query will be ver ified by the applic ation and SQL errors will be re ported  to the user for co rrectio n.,The query will be ver ified by the applic ation and SQL errors will be re ported  to the user for co rrectio n.,1.0,YES,OVERLAP,Confidence: 1.00 | Both Requirement A and Requirement B are semantically identical. They describe the exact same functi
2006 - eirene sys 15,61,163,"(I)  5.3 Driver call-related functions  Call controller  5.3.1 Upon an appropriate MMI action, the radio shall initiate a call to the appropriate  controller with ‘Railway operation’ priority (see sec",(M)  7.3 Operational radio functions  Switch radio on  7.3.1 Automatic self-testing of the radio shall use the GSM IMSI attach procedure.,0.521,NO,NONE,Confidence: 1.00 | Requirement A describes the functionality for a radio to initiate a call to a controller with a spec
2006 - eirene sys 15,118,120,(M)  Automatic network selection  5.6.5i The Cab radio should be capable of selecting the most appropriate mobile radio  network automatically using the selection criteria stated in section 10.5.,"(M)  5.6.5iii Whilst automatic network selection is enabled, the MMI shall display an indication.",0.637,NO,NONE,Confidence: 1.00 | Requirement A specifies the core functionality of the Cab radio: automatic network selection. Requir
2006 - eirene sys 15,226,234,The Location Number shall  consist of 5 digits and shall be assigned on a national basis.,Each Service Area shall be allocated on a national basis.,0.536,NO,NONE,"Confidence: 1.00 | Requirement A defines properties for a 'Location Number' (5 digits, assigned nationally). Requiremen"
2006 - eirene sys 15,142,324,"(M)  Testing procedures  5.7.22 The Cab radio shall pass electrical tests as defined in [IEC 571 parts 1, 2 and 3].",(M)  13.5.6 The user information contained in the confirmation message shall be: (M)  - Cab radio: the engine number or train number (if registered);  - other mobiles: the user’s functional number (if,0.502,NO,NONE,Confidence: 1.00 | Requirement A specifies that the Cab radio must pass certain electrical tests according to IEC stand
2006 - eirene sys 15,91,118,5.5.3 The Cab radio system shall provide a means for the driver to terminate established  calls which he is authorised to terminate.,(M)  Automatic network selection  5.6.5i The Cab radio should be capable of selecting the most appropriate mobile radio  network automatically using the selection criteria stated in section 10.5.,0.507,NO,NONE,Confidence: 1.00 | Requirement A describes the ability for a driver to terminate established calls. Requirement B descr
2006 - eirene sys 15,101,107,(M)  5.5.15 Dial access shall be provided to initiate the following calls: (M)    Destination Call type eMLPP priority  designation Additional  information  Calls to other users Point-to-point/  VGCS/,(M)  Conversation  5.5.22 Once a call has been established the connected parties shall be able to communicate.,0.56,NO,NONE,Confidence: 1.00 | Requirement A specifies the provision of dial access to initiate calls. Requirement B specifies the 
2006 - eirene sys 15,92,354,(M)  Initiating a call  5.5.4 It shall be possible to initiate outgoing voice calls in one of four ways depending on the  intended recipient(s) of the call: (M)  - Emergency access: Capable of rapid a,(M)  15.2.7 Voice transmission from direct mode equipment shall be possible only when the Push- To-Talk (PTT) button is pressed.,0.504,NO,NONE,Confidence: 1.00 | Requirement A describes the methods for initiating outgoing voice calls. Requirement B describes a s
2006 - eirene sys 15,210,243,(M)  9.4.3 Access from the GSM-R network to external networks shall be as detailed in section  9.10.,"(M)      Figure 9-3: Number structure of MSISDN number  9.7.3 Within each GSM-R network, the following relationships between the MSISDN  Subscriber Number and the National EIRENE Number can be identif",0.521,NO,NONE,"Confidence: 1.00 | Requirement A specifies how access from the GSM-R network to external networks is to be handled, by "
2006 - eirene sys 15,81,244,"(M)  5.4.4 Upon registration, the mobile shall be accessible by calling the MSISDN or the Engine  or Coach number with which it is associated.",(O)  9.7.4 It shall be possible for authorised subscribers of fixed and mobile networks to call  mobiles using the appropriate MSISDN number.,0.63,YES,OVERLAP,Confidence: 0.90 | Both requirements describe the core functionality of calling a mobile device using its MSISDN number
2006 - eirene sys 15,167,176,"(M)  7.3.5 Once an appropriate number has been obtained, the radio shall initiate a call to this  number with ‘Railway operation’ priority (see section 10.2).",(M)  Physical conditions  7.5.4 The Operational radio shall conform to IP 54 [IEC 529/EN 60529] as a minimum.,0.516,NO,NONE,Confidence: 1.00 | Requirement A specifies a functional behavior of the radio related to call initiation and priority. 
2006 - eirene sys 15,312,331,(M)  13.4 Receipt of Railway emergency calls  13.4.1 Each mobile shall store a list of emergency Group IDs in the SIM appropriate to its  function (the Cab radio will store Group ID 299 and 599 - see ,"(M)  14.2.2 If a shunting group ID is activated, the operational radio shall proceed to re-establish  the group call.",0.518,NO,NONE,"Confidence: 1.00 | Requirement A specifies that a mobile radio (specifically, a Cab radio) must store a list of emergen"
2006 - eirene sys 15,309,320,(M)  13.2.3 It shall be possible to configure Railway emergency group call areas to contain  combinations of cells controlled by one or more MSC(s) within one or more network(s).,(M)  13.5.3 Confirmation of Railway emergency calls shall be implemented using the User to User  Signalling supplementary service (UUS1).,0.588,NO,NONE,Confidence: 1.00 | Requirement A describes the capability to configure 'Railway emergency group call areas' across mult
2006 - eirene sys 15,48,133,4.5.18 EIRENE mobile equipment shall be capable of being subjected to both sinusoidal and  random vibration.,5.7.12 Any equipment mounted external to the train cab shall withstand the following  maximum levels of sinusoidal vibration: (M)  - frequency range: 5-1000 Hz;  - peak-to-peak amplitude: 5mm;  - acce,0.618,NO,NONE,Confidence: 0.95 | Requirement A states that EIRENE mobile equipment must be capable of being subjected to both sinusoi
2006 - eirene sys 15,164,170,"(M)  7.3.2 Upon switch on, once the radio is connected to a mobile network, it shall be able to  receive all calls made using the MSISDN or appropriate group call number.","(M)  7.3.7 The calling user’s functional number, if there is one, shall be passed to the network  using UUS1.",0.539,NO,NONE,Confidence: 1.00 | Requirement A describes the ability of a radio to receive calls. Requirement B describes a signaling
2006 - eirene sys 15,74,281,(M) Start  Lead driver  initiates one-to- one call to  assisting driver  Lead driver  places one-to- one call on hold  Lead driver  initiates next  one-to-one call  Lead driver  requests multi- party ,This shall result in the following sequence of actions being performed by the user’s  Cab radio (see 11.3.7 for details of message structure): (M)  1.,0.523,NO,NONE,Confidence: 0.90 | Requirement A describes a sequence of actions performed by a 'Lead driver' related to initiating and
2006 - eirene sys 15,73,242,A GSM point-to-point voice call at ‘Railway operation’ priority  (see section 10.2) shall then be initiated.,(M)  9.7.2 The structure of the MSISDN numbers shall comply with GSM Technical Specification  [GSM 03.03].,0.523,NO,NONE,Confidence: 1.00 | Requirement A specifies the initiation of a specific type of GSM call. Requirement B specifies that 
2006 - eirene sys 15,63,83,"(M)  Call other drivers in the area  5.3.3 On receipt of a ‘Call other drivers in area’ request, the radio shall initiate a group call  using the ‘all trains’ group identification (see section 9) with","(I)  Register and deregister train number  5.4.7 Upon activation of the registration function, a USSD message (see section 11) shall be  sent by the Cab radio.",0.552,NO,NONE,Confidence: 1.00 | Requirement A specifies that the radio initiates a group call upon a 'Call other drivers in area' re
2006 - eirene sys 15,32,150,"(M)  4.4 Core MMI requirements  4.4.1 A service availability indication shall be provided to radio users, as defined in [EN 301  515, Index [26]].",(I)      Note: this figure only shows mandatory applications – for a full list see table 4-6  Figure 6-1: Logical General purpose radio architecture and interfaces  6.2.2 A standard data interface sha,0.517,NO,NONE,Confidence: 1.00 | Requirement A specifies a mandatory user-facing functionality: providing a service availability indi
2006 - eirene sys 15,38,55,(M)  Climatic conditions  4.5.8 EIRENE mobile equipment shall be capable of operating over a standard range of  temperatures from -20°C to +55°C.,"4.5.27 The transmission of EM radiation from all EIRENE mobile equipment shall comply  with the radio frequency transmission masks defined in [EN 301 515, Index [35]] for the  range of GSM frequencies",0.561,NO,NONE,Confidence: 1.00 | Requirement A defines the operational temperature range for EIRENE mobile equipment. Requirement B d
2006 - eirene sys 15,75,151,"(M)  Receive short (SMS) text messages  5.3.12 The Cab radio shall be able to receive, display and store incoming short (SMS) text  messages (see section 12).","(M)  6.2.3 The General purpose radio shall operate as a standard GSM terminal, supplying  mobile services as defined in section 4.",0.553,NO,NONE,Confidence: 0.90 | Requirement A specifies that the 'Cab radio' shall be able to receive SMS messages. Requirement B st
2006 - eirene sys 15,83,122,"(I)  Register and deregister train number  5.4.7 Upon activation of the registration function, a USSD message (see section 11) shall be  sent by the Cab radio.","(M)  PSA167D006-15   Page 65     5 Cab radio  5.7 Environmental and physical  5.7.1 Train-mounted equipment including the Cab radio terminal equipment, MMI and  antenna shall comply with all specifica",0.534,NO,NONE,Confidence: 1.00 | Requirement A describes a specific functional behavior of the Cab radio: sending a USSD message upon
2006 - eirene sys 15,97,296,(M)  Page 62  PSA167D006-15     5.5.11 Stored number access shall be provided to initiate the following calls: (M)    Destination Call type eMLPP priority  designation Additional  information  Calls t,"(M)  11.5.4 The user-to-user information element in the SETUP, ALERT or CONNECT messages,  as defined in [EN 301 515, Index [16]], shall be used to transfer the functional number of the  calling party",0.505,NO,NONE,Confidence: 1.00 | Requirement A describes the functionality of providing access to stored numbers for initiating calls
2006 - eirene sys 15,101,246,(M)  5.5.15 Dial access shall be provided to initiate the following calls: (M)    Destination Call type eMLPP priority  designation Additional  information  Calls to other users Point-to-point/  VGCS/,(M)  9.8.2 Each short dialling code shall consist of four digits.,0.531,NO,NONE,Confidence: 0.95 | Requirement A specifies that dial access shall be provided for initiating certain types of calls (e.
2006 - eirene sys 15,225,236,"The UIN field format for calls  to shunting teams and maintenance teams shall consist of a Location  Number (LN), which identifies the location where the called party is  registered, followed by a Fun",(See also subsection 9.9.)  The FC field format for group calls shall consist of three digits and be as  defined in table 9-8.,0.541,NO,NONE,Confidence: 1.00 | Requirement A defines the format for the 'UIN field' specifically for 'calls to shunting teams and m
2006 - eirene sys 15,165,271,(M) 7 Operational radio  Page 82  PSA167D006-15     Register and deregister functional number  7.3.3 It shall be possible to register and deregister a functional number by the user entering  his funct,"(I)  Functional number management  11.3.5 For communication over the (Um) air interface, the USSD messages and protocols as  specified in the GSM Follow-me service shall be used to manage the followin",0.628,NO,NONE,Confidence: 0.95 | Requirement A specifies that a user shall be able to register and deregister a functional number by 
2006 - eirene sys 15,127,173,Physical conditions  5.7.7 Measures should be taken to reduce the risk of theft of radio equipment.,(I)  7.5 Environmental and physical  7.5.1 The Operational radio shall comply with the basic standards defined for all EIRENE  mobile equipment in section 4.,0.549,NO,NONE,"Confidence: 0.95 | Requirement A focuses on the physical security aspect of radio equipment, specifically reducing the "
2006 - eirene sys 15,197,210,"(M) 9 Numbering plan  Page 88  PSA167D006-15       9.2.3 All Train Function Numbers and their associated MSISDN numbers shall be stored in  the same routing database, which is the database of the GSM-",(M)  9.4.3 Access from the GSM-R network to external networks shall be as detailed in section  9.10.,0.542,NO,NONE,Confidence: 1.00 | Requirement A specifies where 'Train Function Numbers and their associated MSISDN numbers' shall be 
2006 - eirene sys 15,86,110,(M)  Register and deregister stock number  5.4.10 This procedure shall take place at the installation of the Cab radio.,(M)  5.6 Other Cab radio functions  Handle incoming/outgoing calls to/from appropriate on-train users or devices  5.6.1 Incoming calls to the Cab radio shall be routed to the correct on-train user or ,0.507,NO,NONE,Confidence: 1.00 | Requirement A specifies an administrative procedure (registering/deregistering a stock number) tied 
2006 - eirene sys 15,138,179,(M)  5.7.17 The driver and other in-cab equipment shall be protected against all electrical hazards  arising from EIRENE mobile equipment as defined in [EN 50153].,Electrical  7.5.7 The Operational radio user shall be protected against all electrical hazards arising from  the mobile equipment as defined in [EN 50153].,0.69,YES,OVERLAP,Confidence: 0.90 | Both requirements specify the exact same core functionality: protection against all electrical hazar
2006 - eirene sys 15,51,52,"(M)  Electrical  4.5.21 For determining battery requirements, the transmit/receive duty cycles used shall be  as shown in table 4-7 for each call type.",(M)  Page 52  PSA167D006-15       Call type Transmit Receive   Point-to-point call 100% 100%   Group call 30% 100%   Broadcast call (originated) 100% 100%*   Broadcast call (receive) 0% 100%   * Becau,0.687,YES,CONTRADICTION,Confidence: 0.90 | Requirement A mandates that the transmit/receive duty cycles 'shall be as shown in table 4-7' for de
2006 - eirene sys 15,35,56,"(I)   4.5.2 All EIRENE mobile equipment shall comply with all environmental, EMC and physical  specifications defined in the GSM standard, especially with reference to [GSM  05.90 and  EN 301 515, Ind","(M)  4.5.28 Where the emission levels defined by [EN 301 515, Index [35]] exceed those stated in [ENV  50121 part 4], the GSM specification shall take precedence.",0.693,NO,NONE,"Confidence: 1.00 | Requirement A mandates compliance with the GSM standard, specifically referencing EN 301 515, for EI"
2006 - eirene sys 15,157,177,(M)  Physical conditions  6.4.3 SIM cards should be fixed into the radio to protect against accidental loss.,(M)  7.5.5 SIM cards shall be fixed into the radio such that they can only be removed by the use of  a tool.,0.793,YES,OVERLAP,Confidence: 0.90 | Both requirements address the functionality of fixing SIM cards into the radio. Requirement A states
2006 - eirene sys 15,136,137,5.7.15 The Cab radio equipment shall be capable of withstanding the following changes to the  main and backup power supplies without interrupting normal operation: (M)  - voltage fluctuations up to ±1,5.7.16 The Cab radio shall withstand the effects of power supply transients as defined in  [prEN 50155].,0.826,NO,NONE,"Confidence: 1.00 | Requirement A specifies the Cab radio's ability to withstand 'voltage fluctuations' up to ±1, which "
2006 - eirene sys 15,65,169,(M)  Send Railway emergency call   5.3.5 Activation of the ‘Railway emergency call’ function shall cause the radio to initiate a  Railway emergency call as defined in section 13.,(M)  Send/receive Railway emergency call  7.3.6 Activation of the ‘Railway emergency call’ function shall cause the radio to initiate a  Railway emergency call as defined in section 13.,0.967,YES,OVERLAP,"Confidence: 1.00 | Both requirements, A and B, contain identical functional statements: 'Activation of the ‘Railway eme"
2007 - puget sound,71,73,"If notifications are turned off, actors in the capacity of student should be able  to subscribe to notifications.","They should also be able to manage their  notification subscriptions (for example, remove themselves from notifications).",0.54,YES,OVERLAP,Confidence: 0.90 | Requirement A states that students should be able to 'subscribe to notifications'. Requirement B sta
2007 - puget sound,0,18,Specific Requirements  8  3.1 Multiple File Transfer  8  3.1.1  The system must allow for multiple file upload to be configured on a per -page basis.,3.1 Multiple File Transfer   The system must be able to capture and manage files where appropriate.,0.707,NO,NONE,Confidence: 0.95 | Requirement A specifies a particular mechanism: allowing multiple file uploads and configuring this 
2007 - puget sound,1,3,9  3.2 Audio Recording  9  3.2.1  The system must allow actors to organize their voice clips into a portfolio.,9  3.2.3  The system must store audio clips in a format conducive to speech.,0.758,NO,NONE,Confidence: 1.00 | Requirement A describes a user-facing functionality: the ability for actors to organize voice clips 
2007 - puget sound,41,42,Priority: 2     3.4.1 An actor must be able to search through pages in a course.,"Actor s should be able to search for pages at the course level, since most actors will be searching  for material in a given course.",0.841,YES,OVERLAP,Confidence: 1.00 | Both requirements describe the identical core functionality: actors searching for pages within the s
2007 - puget sound,3,31,9  3.2.3  The system must store audio clips in a format conducive to speech.,3.2.3 The system must store audio clips in a format conducive to speech.,0.924,YES,OVERLAP,Confidence: 1.00 | Both requirements are semantically and syntactically identical. Requirement A: 'The system must stor
2009 - peppol,124,179,• The transport of a VCD package MUST be secure.,• The VCD system MUST provide a functionality that enables National VCD Service Providers to  store attestations.,0.634,NO,NONE,Confidence: 1.00 | Requirement A specifies a non-functional requirement related to the security of VCD package transpor
2009 - peppol,99,333,- The VCD package MUST provide a functionality to add structural data of evidence to the VCD  package and VCD system (e.g.,"Based on the informat ion retrieved, the Austrian VCD implementation  will deliver a VCD package containi ng all the evidences that  are necessary to pr ove the selection and  qualification criteria r",0.59,NO,NONE,Confidence: 0.95 | Requirement A specifies a functionality to add structural data of evidence to the VCD package and VC
2009 - peppol,147,184,• The VCD system MUST provide a functionality to validate the provided context specific data  during the submission process of context specific data to ensure the data is consistent with the  VCD adva,Feature: Retrieving attestations on demand  • The VCD system MUST provide a functionally to check whether a contracting authority has  sufficient rights and has been mandated by the economic operator ,0.547,NO,NONE,Confidence: 1.00 | Requirement A describes the validation of context-specific data during its submission process to ens
2009 - peppol,83,125,• The VCD system MUST provide a functionality t hat suggests a possible compilation of the VCD to  the economic operator according to the tender-specific criteria.,• The transport of a VCD package MUST ensure that  the package has not been altered or modified  during transportation or validation.,0.546,NO,NONE,"Confidence: 1.00 | Requirement A describes a functionality for suggesting VCD compilation based on criteria, which is a"
2009 - peppol,93,180,• The VCD system MUST provide and interface where the economic operator can initiate the  compilation process.,• A functionality for referencing to attestations  MUST be implemented within the VCD system.,0.561,NO,NONE,Confidence: 1.00 | Requirement A specifies an interface for initiating a 'compilation process'. Requirement B specifies
2009 - peppol,171,189,Requirements: VCD re-compilation service  • A VCD system MUST provide a user-interface to the economic operator to initiate the re- compilation of an existing VCD pack age into a VCD advanced package.,Quality attributes of VCD networked package  • There MUST be an access policy that is issued by the economic operator that mandates a  contracting authority to request attestation fr om the national V,0.572,NO,NONE,Confidence: 1.00 | Requirement A describes a specific functional capability: a user interface for an economic operator 
2009 - peppol,126,180,• Non-repudiation of origin of a VCD package MUST be supported.,• A functionality for referencing to attestations  MUST be implemented within the VCD system.,0.562,NO,NONE,Confidence: 0.95 | Requirement A specifies a security property: non-repudiation of origin for VCD packages. This means 
2009 - peppol,5,9,In the same way the VCD as an implemented IT sy stem will enable contract ing authorities or their  eTendering systems to interpret and accept the documentation submitted by the economic  operator.,In the long-run the VCD should be able to adequately fulfil the contracting  authorities’ need to prove suitability and non-exclusi on of economic operators according to certain  criteria while reduci,0.527,NO,NONE,Confidence: 0.95 | Requirement A describes the VCD's capability to interpret and accept documentation from economic ope
2009 - peppol,167,175,"• A VCD system MUST provide a functionality to ch eck, whether the structur al VCD package data of  existing VCD packages of other economic opera tors are consistent with the VCD advanced  package sch","In  order to ensure the level of completeness, the VCD network package needs to be extended stepwise  by including evidences which ar e sufficiently described through agreed and standardised context- ",0.589,NO,NONE,Confidence: 1.00 | Requirement A describes the functionality to check the consistency of external VCD package data agai
2009 - peppol,89,206,• The VCD system MUST have an interface to s ubmit/upload evidence that have to be provided  manually by the economic operator.,A key issue for  example is the pre-VCD mapping tool and it should be integrated into any national solutions either as  a module or as interface to query results for the mapping of evidences among mem,0.505,NO,NONE,Confidence: 0.90 | Requirement A specifies an interface for manual submission of evidence *into* the VCD system. Requir
2009 - peppol,63,245,There needs to be a specific registration  procedure where an economic operator provides eco nomic operator data to t he VCD service provider  in order to create an account.,Requirement   Any VCD system SHOULD provide the opportunity to the economic operator to produce a complete  VCD even if there are several issuin g services that are not  under control of a nati onal s,0.576,NO,NONE,Confidence: 1.00 | Requirement A describes a registration process for an economic operator to create an account. Requir
2009 - peppol,60,114,The transportation system of  WP8 used by the VCD should be able to provide a po ssibility to send the VCD pa ckage directly to the  contracting authority either by utilizing the upload fu nctionality,Requirements: Exchange of VCD packages  • The VCD transportation system MUST provide a functionality that enables the economic operator  to find an electronic address of a contract ing authority for r,0.617,NO,NONE,Confidence: 0.90 | Requirement A specifies the capability to send a VCD package directly to a contracting authority usi
2009 - peppol,12,164,An  eTendering system and a contracting authority must be able to interpret a VCD package assembled by  a VCD application regardless of the implementat ion stage of the VCD app lication and the eTende,2.4.3.2 Advanced VCD creation service  The VCD creation service of stage 2 VCD simple package has to be improved in order to include the  functionalities for considering context specific data and VCD ,0.544,NO,NONE,Confidence: 1.00 | Requirement A specifies that eTendering systems and contracting authorities must be able to interpre
2009 - peppol,79,114,"pan-European needs          2009-05-19, Version 1.0 – pending EC approval  • The VCD system MUST provide an interface where the economic operator can provide non- sensitive economic operator data.",Requirements: Exchange of VCD packages  • The VCD transportation system MUST provide a functionality that enables the economic operator  to find an electronic address of a contract ing authority for r,0.611,NO,NONE,Confidence: 0.95 | Requirement A describes a functionality for the economic operator to *provide* non-sensitive data to
2009 - peppol,11,111,The VCD specification must be generically and  semantically extensible in order to reach a sustain able and fully-fledged solution in the final stage.,• The evidence submitted to the VCD system MUST  be eligible for the requirements mentioned by  §§45– 46 of European Directive 2004/18/EC.,0.527,NO,NONE,"Confidence: 1.00 | Requirement A specifies a quality attribute for the *VCD specification* itself, requiring it to be g"
2009 - peppol,87,257,• The VCD system MUST have an interface/technical access to retrieve attestations that can be  automatically retrieved from issuing bodies.,The VCD package should  ensure equal treatment of foreign ec onomic operators by providing a t ool to submit evidence from one  member state to another.,0.518,NO,NONE,Confidence: 1.00 | Requirement A describes the VCD system's capability to automatically retrieve attestations from issu
2009 - peppol,54,126,Furthermore the VCD package needs to  provide the ability to be human readable thus a VCD vi ewing system is introduced in this stage too.,• Non-repudiation of origin of a VCD package MUST be supported.,0.588,NO,NONE,Confidence: 1.00 | Requirement A specifies that a VCD package must be human-readable and requires a viewing system. Thi
2009 - peppol,124,128,• The transport of a VCD package MUST be secure.,Requirements: Authentication to VCD viewing system  • The VCD viewing system MUST provide a functionality to authenticate contracting authorities to  view the data contained within a VCD package.,0.63,NO,NONE,"Confidence: 1.00 | Requirement A focuses on the security of the VCD package during its *transport* (e.g., encryption in"
2009 - peppol,3,144,"The VCD will support any authorised entities (economic operator, intermediary, contracting  authority or IT service such as an eTendering system) in creating an electronic information  package consist",• A VCD system MUST provide IT-interfaces to is suing bodies which provide evidences in machine  interpretable format.,0.568,NO,NONE,Confidence: 1.00 | Requirement A describes the VCD's capability to support authorized entities in *creating* an electro
2009 - peppol,78,146,• The VCD system MUST provide a functionality to check through identity and access management  whether an economic operator has sufficient user rights to access his account.,• A VCD system MUST provide a user interface to the issuing body to provide context specific data  for an evidence in a structured form (e.g.,0.591,NO,NONE,Confidence: 1.00 | Requirement A describes the necessity for the VCD system to perform identity and access management c
2009 - peppol,95,240,- The VCD package MUST provide a functionality to  add structural VCD package data to the VCD  package and VCD system (e.g.,Requirement  Any VCD instance MUST be specific with regards to a certain economic operator.,0.545,NO,NONE,Confidence: 1.00 | Requirement A describes a functionality of the VCD package to add structural data. Requirement B des
2009 - peppol,3,200,"The VCD will support any authorised entities (economic operator, intermediary, contracting  authority or IT service such as an eTendering system) in creating an electronic information  package consist","In order to avoid the  necessity to establish a connectivity matrix from all contracting authorit ies to all attestation providers,  the national VCD service provider has to act as a proxy.",0.519,NO,NONE,Confidence: 1.00 | Requirement A describes the core functionality of the VCD system: enabling authorised entities to cr
2009 - peppol,130,169,• The VCD viewing system MUST display stru ctural VCD package data contained in the VCD  package   • The VCD viewing system MUST display tender -specific data contained in the VCD package   • The VCD ,"pan-European needs          2009-05-19, Version 1.0 – pending EC approval  • A VCD system MUST provide functionality to co mpile the data which result from the evidence  collection process and the dat",0.595,NO,NONE,Confidence: 0.90 | Requirement A focuses on the 'VCD viewing system's' capability to *display* specific types of data (
2009 - peppol,167,169,"• A VCD system MUST provide a functionality to ch eck, whether the structur al VCD package data of  existing VCD packages of other economic opera tors are consistent with the VCD advanced  package sch","pan-European needs          2009-05-19, Version 1.0 – pending EC approval  • A VCD system MUST provide functionality to co mpile the data which result from the evidence  collection process and the dat",0.633,NO,NONE,Confidence: 1.00 | Requirement A specifies a functionality to check the consistency of structural VCD package data from
2009 - peppol,85,126,• The VCD system MUST provide a functionality that  displays the attestati on services that cannot  be invoked automatically and that have to be manually added by the economic operator.,• Non-repudiation of origin of a VCD package MUST be supported.,0.556,NO,NONE,Confidence: 1.00 | Requirement A describes a specific functional requirement: displaying 'attestati on services' that a
2009 - peppol,154,162,• Context specific data MUST be machine interpretable      P e n d i n g       E C       a p p r o v a l   PEPPOL Deliverable D2.1:   page 51 of 127  Functional and non-functional requirem ents specif,• Representation of context specific data SH OULD be available in multiple languages  • Every pilot partner MUST follow the common standard  schema of context specific data by defining  a national ver,0.503,NO,NONE,Confidence: 1.00 | Requirement A states that context-specific data must be machine-interpretable. Requirement B has two
2009 - peppol,101,239,- The VCD package MUST provide a functionality to add translations to the VCD package and  VCD system (e.g.,The pre-VCD mapping tool therefore will provide sufficient sup port and has to be integrated into a VCD system.,0.501,NO,NONE,Confidence: 1.00 | Requirement A specifies that the VCD package must provide functionality to add translations. Require
2009 - peppol,165,314,Requirements: Advanced VCD creation service  • A VCD system MUST provide a user-interface to the economic operator to initiate the creation of a  VCD advanced package.,Requirement  The PEPPOL infrastructure MUST have the capability to submit a VCD to a contracting authority or  tendering platform.,0.606,NO,NONE,Confidence: 1.00 | Requirement A describes the necessity of a user interface for an economic operator to *initiate the 
2009 - peppol,120,296,• The transport of a VCD package MUST be initiated by the economic operator.,Thus  also the VCD should be able to be submitted thro ugh the PEPPOL infrastructure.,0.556,NO,NONE,Confidence: 0.95 | Requirement A specifies *who* must initiate the transport (the economic operator). Requirement B spe
2009 - peppol,142,185,Requirements: context specific data  • A VCD system MUST provide functionality to collect and process context specific data for  evidence that has to be provided manually or semi-automatically by the ,• The VCD system MUST provide a functionalit y and an interface that enables contracting  authorities to retrieve the attestation from the storage.,0.624,NO,NONE,Confidence: 0.95 | Requirement A specifies the functionality for collecting and processing 'context specific data for e
2009 - peppol,48,152,"2.2.3.12 Requirements regard ing a Pre-VCD mapping tool  Attention has to be paid to a number of requirement s such as reliability, accessibility, usability,  maintenance, authenticity, actualit y, co",• The rule set derived from legal requirements concerning subcontracting and other consortium  constellations MUST be defined  • A functionality to display context specific data SHOULD/MUST be include,0.589,NO,NONE,"Confidence: 1.00 | Requirement A specifies non-functional quality attributes (e.g., reliability, accessibility, usabili"
2009 - peppol,85,117,• The VCD system MUST provide a functionality that  displays the attestati on services that cannot  be invoked automatically and that have to be manually added by the economic operator.,• The VCD transportation system SHOULD provide a functionality that supports the economic  operator in submitting the VCD pa ckage to a contracting authorities’ procurement platform where  the tender/,0.535,NO,NONE,Confidence: 1.00 | Requirement A specifies a functionality for displaying certain 'attestati on services' to the econom
2009 - peppol,84,260,• The VCD system MUST provide a functionality where the economic operator can decide which  particular attestation services  should be invoked and collected.,Requirement  The VCD SHOULD support that economic operators fr om foreign member states may not be treated  harder than own member state’s economic operators.,0.545,NO,NONE,Confidence: 0.95 | Requirement A mandates that economic operators must be able to choose which attestation services to 
2009 - peppol,344,349,The VCD will provide the possibility to utilize evidences  used in one Member State and to submit them across borders to any European contracting authority.,Thus the VCD system will be primary a tool for the economic operator to arrange a VCD package  instance which is conform according to the require ments stated in particular call for tender which he  c,0.559,NO,NONE,Confidence: 0.95 | Requirement A describes a specific capability of the VCD system: enabling the utilization and cross-
2009 - peppol,59,117,An officer has to verify whether the provided data belongs to the  economic operator and has to assure its correctness because either the VCD packaging service would not work or would deliver incomple,• The VCD transportation system SHOULD provide a functionality that supports the economic  operator in submitting the VCD pa ckage to a contracting authorities’ procurement platform where  the tender/,0.532,NO,NONE,Confidence: 1.00 | Requirement A describes a data verification and assurance task performed by an officer concerning th
2009 - peppol,146,179,• A VCD system MUST provide a user interface to the issuing body to provide context specific data  for an evidence in a structured form (e.g.,• The VCD system MUST provide a functionality that enables National VCD Service Providers to  store attestations.,0.647,NO,NONE,Confidence: 1.00 | Requirement A specifies the provision of a user interface for an 'issuing body' to input 'context-sp
2009 - peppol,83,90,• The VCD system MUST provide a functionality t hat suggests a possible compilation of the VCD to  the economic operator according to the tender-specific criteria.,• The evidence submitted to the VCD system MUST correspond to the mapping information  suggested by the VCD system (o r the pre-VCD mapping tool).,0.555,NO,NONE,Confidence: 0.95 | Requirement A describes the VCD system's capability to generate a suggestion for a 'compilation' of 
2009 - peppol,59,202,An officer has to verify whether the provided data belongs to the  economic operator and has to assure its correctness because either the VCD packaging service would not work or would deliver incomple,"In  stages 2, 3 and 4 it will be necessary to establish a national service provider who will take care about  critical VCD processes and therewith ensure l egitimacy, trust and appropriate change mana",0.506,NO,NONE,Confidence: 0.95 | Requirement A describes a specific operational task: an officer's duty to verify data belonging to a
2009 - peppol,57,75,for identity & access management) should utilize  these infrastructures in order to lower the impl ementation efforts and to increase the acceptance  among stakeholders affected by these systems.,• A single-sign on SHOULD be implemented in order to allow identity and access management  across different systems.,0.563,NO,NONE,Confidence: 0.90 | Requirement A is a high-level architectural guideline or constraint stating that Identity & Access M
2009 - peppol,87,99,• The VCD system MUST have an interface/technical access to retrieve attestations that can be  automatically retrieved from issuing bodies.,- The VCD package MUST provide a functionality to add structural data of evidence to the VCD  package and VCD system (e.g.,0.619,NO,NONE,Confidence: 0.95 | Requirement A describes the system's ability to automatically retrieve 'attestations' from external 
2009 - peppol,45,244,"Therefore each national serv ice provider that provides a VCD (stage 2-4) and  all relevant key other stakeholder such as economic operators, contracting au thorities and certifiers  must be able to r","Measurement   The definition, specification, modelling or implement ation of the pre-VCD mapping tool will focus on  Articles 45 to 46   Requirement   Articles 47 to 50 open a wide range of different ",0.538,NO,NONE,Confidence: 0.90 | Requirement A describes the required capabilities or responsibilities of various national service pr
2009 - peppol,159,236,• A method and agreement procedure to develop a common standard schema of context specific  data MUST be defined.,2009)  Requirement  Evidential documents exchanged between partie s MUST be semantically harmonized in order  to be processed electronically.,0.519,NO,NONE,Confidence: 0.95 | Requirement A mandates the definition of a method and agreement procedure to develop a common standa
2009 - peppol,290,329,Time-stamping shall ensure that the submission of  a VCD is adequately documented for example to  verify that it has been sent or received previously to  the closure of a call for tender.,Requirement Time stamping SHOULD be applied in some processes to certify relevant date and time.,0.649,NO,NONE,Confidence: 0.95 | Requirement A specifies a mandatory (shall) time-stamping for a very specific use case: VCD submissi
2009 - peppol,111,241,• The evidence submitted to the VCD system MUST  be eligible for the requirements mentioned by  §§45– 46 of European Directive 2004/18/EC.,"pan-European needs          2009-05-19, Version 1.0 – pending EC approval  Any VCD instance SHOULD be specific with regards to a certain tender.",0.59,NO,NONE,Confidence: 0.95 | Requirement A mandates that the *evidence submitted to the VCD system* must comply with specific sec
2009 - peppol,304,314,Requirement The identity and access management procedures  for creating a VCD account SHOULD be  harmonized with the registration procedure of t he overall infrastructure provided by WP 8.,Requirement  The PEPPOL infrastructure MUST have the capability to submit a VCD to a contracting authority or  tendering platform.,0.517,NO,NONE,"Confidence: 1.00 | Requirement A deals with the internal administrative procedures for creating a VCD account, specific"
2009 - peppol,97,123,- The VCD package MUST provide a functionality to add economic operator data to the VCD  package and VCD system (e.g.,• The transport of a VCD package MUST be reliable.,0.545,NO,NONE,Confidence: 1.00 | Requirement A describes the functionality to add economic operator data to the VCD package and syste
2009 - peppol,128,189,Requirements: Authentication to VCD viewing system  • The VCD viewing system MUST provide a functionality to authenticate contracting authorities to  view the data contained within a VCD package.,Quality attributes of VCD networked package  • There MUST be an access policy that is issued by the economic operator that mandates a  contracting authority to request attestation fr om the national V,0.62,NO,NONE,Confidence: 1.00 | Requirement A specifies that the VCD viewing system must provide authentication functionality for co
2009 - peppol,119,172,"Quality attributes of VCD transportation system  • Both parties involved, contracting authorities and economic operators, MUST have an electronic  address for receiving/se nding VCD packages.",• A VCD system MUST provide a user-interface to the economic operator for uploading an existing  VCD package  • A VCD system MUST provide a functio nality to decompose an existing VCD package  • A VCD,0.587,NO,NONE,Confidence: 1.00 | Requirement A specifies a mandatory attribute for the parties involved (contracting authorities and 
2009 - peppol,168,220,• A VCD system MUST provide functionality to me rge the following data from several existing VCD  packages of other economic operators:  - Structural VCD package data  - Structural data of evidence  -,The economic operator therefore has to  provide a subset of the superset of  evidences that is relevant to a specific Call for Tender to its  National Service Provider or VCD system.,0.572,NO,NONE,"Confidence: 0.95 | Requirement A describes a VCD system's capability to *merge* structural data, including 'structural "
2009 - peppol,77,83,Requirements: Initialization of VCD Request  • The VCD System SHOULD make use of a single-si gn-on interface and function in order to submit  login data.,• The VCD system MUST provide a functionality t hat suggests a possible compilation of the VCD to  the economic operator according to the tender-specific criteria.,0.502,NO,NONE,Confidence: 1.00 | Requirement A specifies a technical integration detail for user authentication (Single Sign-On for l
2009 - peppol,5,42,In the same way the VCD as an implemented IT sy stem will enable contract ing authorities or their  eTendering systems to interpret and accept the documentation submitted by the economic  operator.,A formal procedure has to be found  how changes are applied to the sy stem.,0.535,NO,NONE,Confidence: 1.00 | Requirement A describes a specific functional capability of an IT system (VCD) related to interpreti
2009 - peppol,127,257,• A VCD will carry a unique identifier and information about security and quality enhancing policies  used by the certified VCD Servic e Provider when compiling the file.,The VCD package should  ensure equal treatment of foreign ec onomic operators by providing a t ool to submit evidence from one  member state to another.,0.565,NO,NONE,"Confidence: 1.00 | Requirement A describes the internal characteristics and content of a VCD (unique identifier, securi"
2009 - peppol,122,175,• The transportation system MUST ensure that  the VCD package is being delivered to the  contracting authority  • The transport of a VCD package MUST be confidential.,"In  order to ensure the level of completeness, the VCD network package needs to be extended stepwise  by including evidences which ar e sufficiently described through agreed and standardised context- ",0.501,NO,NONE,"Confidence: 0.95 | Requirement A focuses on the operational aspects of the 'transportation system', specifically mandat"
2009 - peppol,69,73,• Sensitive economic operator data MUST be placed to a VCD account by an officer.,• The economic operator MUST be able to delete his account.,0.551,NO,NONE,Confidence: 0.90 | Requirement A describes an action performed by an officer (placing sensitive data into a VCD account
2009 - peppol,126,147,• Non-repudiation of origin of a VCD package MUST be supported.,• The VCD system MUST provide a functionality to validate the provided context specific data  during the submission process of context specific data to ensure the data is consistent with the  VCD adva,0.567,NO,NONE,"Confidence: 1.00 | Requirement A focuses on ensuring the non-repudiation of the origin of a VCD package, typically achi"
2009 - peppol,179,188,• The VCD system MUST provide a functionality that enables National VCD Service Providers to  store attestations.,Feature: Implementing Articl e 52 of directive 2004/18/EC and EFTA EEA Committee decision  68/2006  • The VCD system SHOULD provide a functionality to approve attestations through validation data  and,0.571,NO,NONE,"Confidence: 1.00 | Requirement A mandates the system's ability to 'store attestations', focusing on data persistence. R"
2009 - peppol,9,219,In the long-run the VCD should be able to adequately fulfil the contracting  authorities’ need to prove suitability and non-exclusi on of economic operators according to certain  criteria while reduci,Having the relevant evidences and  criteria in place the economic operator will be enabl ed to get a mapping to the national attestations  that refer to those criteria via the pre-VCD mapp ing tool.,0.55,NO,NONE,Confidence: 0.95 | Requirement A describes the long-term goal for the VCD (Virtual Company Dossier) to enable contracti
2009 - peppol,23,218,• Input will come from the Articl es 45-50 of Directive 2004/18/EC  2.2.3.2 Appearance of European criteria within Call for tenders (Notification)  • Superset of evidences: The formal representation w,Having  the relevant criteria in place the economic oper ator will be enabled to get a mapping to the national  attestations that refer to those criteria via the pre-VCD mapping tool.,0.523,NO,NONE,Confidence: 1.00 | Requirement A describes the source and appearance of 'European criteria' within 'Call for tenders'. 
2009 - peppol,122,261,• The transportation system MUST ensure that  the VCD package is being delivered to the  contracting authority  • The transport of a VCD package MUST be confidential.,Requirement  The possibility of a definition of a minimum validity of a VCD package has to be defined       P e n d i n g       E C       a p p r o v a l   PEPPOL Deliverable D2.1:   page 78 of 127  F,0.557,NO,NONE,Confidence: 1.00 | Requirement A specifies functional constraints related to the delivery and confidentiality of a VCD 
2009 - peppol,120,300,• The transport of a VCD package MUST be initiated by the economic operator.,especially to maintain and sustain a pre-VCD mapping tool in long term and  therewith to ensure (re-)liable functions) The dedicated governing model should have the necessary  status and power to gove,0.511,NO,NONE,Confidence: 0.95 | Requirement A specifies that the transport of a VCD package must be initiated by the economic operat
2009 - peppol,90,214,• The evidence submitted to the VCD system MUST correspond to the mapping information  suggested by the VCD system (o r the pre-VCD mapping tool).,Any national pilot solution that will be developed using resources of  PEPPOL must use the pre-VCD mapping tool in  order to achieve the desired objectives.,0.648,NO,NONE,Confidence: 1.00 | Requirement A states that evidence must correspond to mapping information from either the VCD system
2009 - peppol,147,181,• The VCD system MUST provide a functionality to validate the provided context specific data  during the submission process of context specific data to ensure the data is consistent with the  VCD adva,• The VCD system MUST ensure that a contracting authority is able to request attestations via the  provided reference (including time-restrictions).,0.63,NO,NONE,Confidence: 1.00 | Requirement A specifies a data validation functionality for submitted context-specific data to ensur
2009 - peppol,5,68,In the same way the VCD as an implemented IT sy stem will enable contract ing authorities or their  eTendering systems to interpret and accept the documentation submitted by the economic  operator.,Requirements: VCD account management   • An officer has to create a VCD account for the economic operator.,0.508,NO,NONE,Confidence: 1.00 | Requirement A describes the VCD system's functionality in enabling contracting authorities to interp
2009 - peppol,6,200,"For all parties (economic operator, intermediary, contracting authority, issuing bodies) it will be of  high importance that the VCD Servic e Providers are trustworthy; this implies that the services ","In order to avoid the  necessity to establish a connectivity matrix from all contracting authorit ies to all attestation providers,  the national VCD service provider has to act as a proxy.",0.568,NO,NONE,Confidence: 1.00 | Requirement A establishes a critical quality attribute (trustworthiness) for VCD Service Providers. 
2009 - peppol,82,227,Requirements: Arrangement of VCD instance  • The VCD system MUST have an interface to receive and process the information (mapping of  evidence) provided by the pre-VCD mapping tool.,A VCD than will have to consider several standards and  methodologies that relate to record management  and metadata development.,0.621,NO,NONE,Confidence: 1.00 | Requirement A specifies an input interface for the VCD system to receive information from a pre-VCD 
2009 - peppol,54,165,Furthermore the VCD package needs to  provide the ability to be human readable thus a VCD vi ewing system is introduced in this stage too.,Requirements: Advanced VCD creation service  • A VCD system MUST provide a user-interface to the economic operator to initiate the creation of a  VCD advanced package.,0.602,NO,NONE,Confidence: 1.00 | Requirement A specifies the need for VCD packages to be human-readable and introduces a 'VCD viewing
2009 - peppol,120,142,• The transport of a VCD package MUST be initiated by the economic operator.,Requirements: context specific data  • A VCD system MUST provide functionality to collect and process context specific data for  evidence that has to be provided manually or semi-automatically by the ,0.53,NO,NONE,Confidence: 1.00 | Requirement A specifies who initiates the transport of a VCD package (the economic operator). Requir
2009 - peppol,104,143,Quality attributes of VCD system  • VCD system MUST be operated by at l east one national VCD service provider  • The VCD system MUST have the status of a trusted system.,• A VCD system MUST provide functionality to collect and process context specific data for  evidence that has to be provided automatically by the issuing body.,0.593,NO,NONE,Confidence: 1.00 | Requirement A specifies operational constraints (who operates the system) and a quality attribute (t
2009 - peppol,31,33,• Legitimacy of standard mapping template MUST be ensured.,"For that  purpose, a basic infrastructure or system archit ecture or a mapping facility has to be defined.",0.504,NO,NONE,Confidence: 1.00 | Requirement A states that the legitimacy of a standard mapping template must be ensured. Requirement
2009 - peppol,152,182,• The rule set derived from legal requirements concerning subcontracting and other consortium  constellations MUST be defined  • A functionality to display context specific data SHOULD/MUST be include,"• The functionality for referencing to attestations  within the VCD MUST be implemented, either  VCD-specific or contracting au thority-specific, in order to approve whether the contracting  authority",0.59,NO,NONE,Confidence: 1.00 | Requirement A focuses on two main aspects: 1) the definition of rule sets derived from legal require
2009 - peppol,69,79,• Sensitive economic operator data MUST be placed to a VCD account by an officer.,"pan-European needs          2009-05-19, Version 1.0 – pending EC approval  • The VCD system MUST provide an interface where the economic operator can provide non- sensitive economic operator data.",0.656,NO,NONE,Confidence: 1.00 | Requirement A specifies that *sensitive* economic operator data must be placed into a VCD account by
2009 - peppol,119,165,"Quality attributes of VCD transportation system  • Both parties involved, contracting authorities and economic operators, MUST have an electronic  address for receiving/se nding VCD packages.",Requirements: Advanced VCD creation service  • A VCD system MUST provide a user-interface to the economic operator to initiate the creation of a  VCD advanced package.,0.655,NO,NONE,"Confidence: 1.00 | Requirement A mandates that 'Both parties involved, contracting authorities and economic operators, "
2009 - peppol,127,183,• A VCD will carry a unique identifier and information about security and quality enhancing policies  used by the certified VCD Servic e Provider when compiling the file.,• VCD-specific or contracting author ity-specific reference to attestations MUST be stored within the  VCD system (processing instructions).,0.667,NO,NONE,Confidence: 0.95 | Requirement A specifies that a VCD (Verified/Validated Certificate Data) will contain or carry a uni
2009 - peppol,142,179,Requirements: context specific data  • A VCD system MUST provide functionality to collect and process context specific data for  evidence that has to be provided manually or semi-automatically by the ,• The VCD system MUST provide a functionality that enables National VCD Service Providers to  store attestations.,0.668,YES,OVERLAP,Confidence: 0.90 | Requirement A mandates the VCD system to collect and process 'context specific data for evidence'. P
2009 - peppol,155,309,"pan-European needs          2009-05-19, Version 1.0 – pending EC approval  • Evidences that have a simple structure and limited variety of contents MUST be included into the  common standard schema fi","pan-European needs          2009-05-19, Version 1.0 – pending EC approval  In such cases, every partner in  the collaboration needs to be ad dressable so electronic documents  can be exchanged from en",0.665,NO,NONE,Confidence: 1.00 | Requirement A specifies a rule for including certain types of 'evidences' (those with simple structu
2009 - peppol,147,172,• The VCD system MUST provide a functionality to validate the provided context specific data  during the submission process of context specific data to ensure the data is consistent with the  VCD adva,• A VCD system MUST provide a user-interface to the economic operator for uploading an existing  VCD package  • A VCD system MUST provide a functio nality to decompose an existing VCD package  • A VCD,0.732,NO,NONE,Confidence: 1.00 | Requirement A describes the functionality to validate context-specific data during submission to ens
2009 - peppol,170,175,The types of data which have to be compiled into a VCD advanced package are  therefore:  - Structural VCD package data  - Structural data of evidence  - Tender specific data  - Economic operator data ,"In  order to ensure the level of completeness, the VCD network package needs to be extended stepwise  by including evidences which ar e sufficiently described through agreed and standardised context- ",0.655,NO,NONE,Confidence: 0.90 | Requirement A defines a list of specific data types that must be compiled into a 'VCD advanced packa
2009 - peppol,273,319,"pan-European needs          2009-05-19, Version 1.0 – pending EC approval  Requirements  The legal regulation applicable for the European Service Provider MUST be defined.","pan-European needs          2009-05-19, Version 1.0 – pending EC approval  Requirement  It MUST be possible to apply the validation service provided by WP1 to a VCD in order to enable  economic operat",0.712,NO,NONE,Confidence: 1.00 | Requirement A specifies the need to define applicable legal regulations for a European Service Provi
2009 - peppol,96,221,- The VCD package MUST provide a functionality to add tender-specific data to the VCD package  and VCD system (e.g.,Requirement  Any VCD system must have an interface to provide tender-specific data and (in particular the relevant  criteria subset) in order to perform the mapping.,0.732,YES,OVERLAP,Confidence: 0.90 | Both requirements address the functionality of handling 'tender-specific data' within the 'VCD syste
2009 - peppol,103,120,• The VCD system MUST provide interfaces to  deliver the VCD to the economic operator.,• The transport of a VCD package MUST be initiated by the economic operator.,0.796,NO,NONE,Confidence: 1.00 | Requirement A states that the VCD system must provide the interfaces necessary for delivery. This de
2009 - peppol,9,350,In the long-run the VCD should be able to adequately fulfil the contracting  authorities’ need to prove suitability and non-exclusi on of economic operators according to certain  criteria while reduci,In the long-run the VCD should be able to adequately fulfil the  contracting authorities’ need to proof conformance to certain criteria for qualitative selection and  exclusion while reducing the burd,0.895,YES,OVERLAP,Confidence: 0.95 | Both requirements describe the same core functionality: enabling contracting authorities to assess e
2009 - peppol,274,277,Measurement  Definition of the legal basis for the es tablishment of such Service Provider    Requirements  A suitable way to establish the relevant regulation for the European Service Provider MUST b,Measurement  Definition of the legal basis for the es tablishment of such Service Provider    Requirements  The legal regulation applicable for the National Service Provider MUST be defined.,0.947,NO,NONE,"Confidence: 1.00 | Both requirements concern the definition of the legal basis for a 'Service Provider'. However, Requi"
2010 - mashboot,40,43,A member should be able to delete a campaign 27.,A member should be able to delete existing content from supported services 30.,0.644,YES,OVERLAP,Confidence: 0.80 | Requirement A specifies the deletion of a 'campaign'. Requirement B specifies the deletion of 'exist
2010 - mashboot,15,20,A user should be able to register a new account 2.,A user's email should be veried when registering a new account.,0.691,NO,NONE,Confidence: 1.00 | Requirement A defines the core functionality of account registration. Requirement B specifies a cond
2010 - mashboot,30,36,An admin should be able to delete any campaign 13 17.,A member should be able to delete individual campaign elements 23.,0.802,NO,NONE,Confidence: 1.00 | Requirement A describes an 'admin' deleting 'any campaign' (the whole entity). Requirement B describ
2010 - mashboot,4,5,Authentication Mashbot will allow the use of external authentication modules for user login.,Mashbot will also provide an internal authentication mechanism in case an external module is unavailable.,0.826,NO,NONE,Confidence: 1.00 | Requirement A specifies that the system will support external authentication modules. Requirement B 
2010 - split merge,28,29, Default environment: The user selects a previously saved environment file that  will be automatically loaded at start up., Default working directory: The directory where the documents will be saved and  loaded by default.,0.589,NO,NONE,Confidence: 1.00 | Requirement A specifies the automatic loading of a 'default environment file' at startup. This file 
2010 - split merge,4,6,− Split odd pages : the input file will be split at every odd page.,− Split at this size : the input file will be split in files of the given size (roughly) .,0.684,YES,CONTRADICTION,Confidence: 0.95 | Requirement A defines split points based on the internal page structure of a document (at every odd 
2010 - split merge,11,12,"[FILENUMBER13] will  generate prefi xes like '13', '14'...) .","[FILENUMBER###13] will generate prefixes like '013', '014'...).",0.757,YES,CONTRADICTION,"Confidence: 0.95 | Requirement A specifies that prefixes will be generated in a two-digit format (e.g., '13', '14'). Re"
2010 - split merge,2,3,− Split every “n” pages : the input file will be split every “ n” pages.,− Split even pages : the input file will be split at every even page.,0.84,YES,CONTRADICTION,"Confidence: 0.90 | Requirement A specifies that the input file will be split at every 'n' pages, where 'n' is a variabl"
2010 - split merge,8,24, Output options : Here the user can define a pattern that will generate filenames  for the output files., Output options: Here the user can define a pattern that will generate filenames for the output files.,1.0,YES,OVERLAP,Confidence: 1.00 | Both Requirement A and Requirement B are identically worded and describe precisely the same function
